timestamp_iso,status_code,latency_ms,error
2026-08-30T00:49:49.814842+00:00,400,77.74,
2026-08-30T00:49:49.834196+00:00,400,63.64,
2026-08-30T00:49:49.847462+00:00,400,51.61,
2026-08-30T00:49:49.878452+00:00,400,26.54,
2026-08-30T00:49:49.863181+00:00,400,43.87,
2026-08-30T00:49:49.899107+00:00,400,30.35,
2026-08-30T00:49:49.908882+00:00,400,22.71,
2026-08-30T00:49:49.924169+00:00,400,22.42,
2026-08-30T00:49:49.940420+00:00,400,23.55,
2026-08-30T00:49:49.955219+00:00,400,19.87,
2026-08-30T00:49:49.970072+00:00,400,23.5,
2026-08-30T00:49:49.985473+00:00,400,20.96,
2026-08-30T00:49:50.000553+00:00,400,23.98,
2026-08-30T00:49:50.015857+00:00,400,19.68,
2026-08-30T00:49:50.030600+00:00,400,23.84,
2026-08-30T00:49:50.046401+00:00,400,20.12,
2026-08-30T00:49:50.061248+00:00,400,20.48,
2026-08-30T00:49:50.076776+00:00,400,19.58,
2026-08-30T00:49:50.091731+00:00,400,20.2,
2026-08-30T00:49:50.107101+00:00,400,20.82,
2026-08-30T00:49:50.123164+00:00,400,21.16,
2026-08-30T00:49:50.139063+00:00,400,23.82,
2026-08-30T00:49:50.154418+00:00,400,20.43,
2026-08-30T00:49:50.170101+00:00,400,21.09,
2026-08-30T00:49:50.186230+00:00,400,20.79,
2026-08-30T00:49:50.202007+00:00,400,23.98,
2026-08-30T00:49:50.217016+00:00,400,19.63,
2026-08-30T00:49:50.232058+00:00,400,20.8,
2026-08-30T00:49:50.248016+00:00,400,20.67,
2026-08-30T00:49:50.263987+00:00,400,23.2,
2026-08-30T00:49:50.279459+00:00,400,19.66,
2026-08-30T00:49:50.294673+00:00,400,20.53,
2026-08-30T00:49:50.310191+00:00,400,21.08,
2026-08-30T00:49:50.326192+00:00,400,21.31,
2026-08-30T00:49:50.341273+00:00,400,22.75,
2026-08-30T00:49:50.356158+00:00,400,21.12,
2026-08-30T00:49:50.372110+00:00,400,21.9,
2026-08-30T00:49:50.388046+00:00,400,22.57,
2026-08-30T00:49:50.402482+00:00,400,20.39,
2026-08-30T00:49:50.417763+00:00,400,22.98,
2026-08-30T00:49:50.433378+00:00,400,20.48,
2026-08-30T00:49:50.448444+00:00,400,21.49,
2026-08-30T00:49:50.463597+00:00,400,21.45,
2026-08-30T00:49:50.478908+00:00,400,23.32,
2026-08-30T00:49:50.494082+00:00,400,21.53,
2026-08-30T00:49:50.509307+00:00,400,25.38,
2026-08-30T00:49:50.525115+00:00,400,20.76,
2026-08-30T00:49:50.540181+00:00,400,25.41,
2026-08-30T00:49:50.556479+00:00,400,21.68,
2026-08-30T00:49:50.572023+00:00,400,24.69,
2026-08-30T00:49:50.588097+00:00,400,21.59,
2026-08-30T00:49:50.603533+00:00,400,23.97,
2026-08-30T00:49:50.618959+00:00,400,22.04,
2026-08-30T00:49:50.634467+00:00,400,24.45,
2026-08-30T00:49:50.649815+00:00,400,20.32,
2026-08-30T00:49:50.664645+00:00,400,23.68,
2026-08-30T00:49:50.679995+00:00,400,20.68,
2026-08-30T00:49:50.695398+00:00,400,23.57,
2026-08-30T00:49:50.710449+00:00,400,20.92,
2026-08-30T00:49:50.726146+00:00,400,21.46,
2026-08-30T00:49:50.741641+00:00,400,24.06,
2026-08-30T00:49:50.757623+00:00,400,20.38,
2026-08-30T00:49:50.772883+00:00,400,23.65,
2026-08-30T00:49:50.788033+00:00,400,21.33,
2026-08-30T00:49:50.804311+00:00,400,22.13,
2026-08-30T00:49:50.819710+00:00,400,23.08,
2026-08-30T00:49:50.834559+00:00,400,20.22,
2026-08-30T00:49:50.850251+00:00,400,21.19,
2026-08-30T00:49:50.866212+00:00,400,22.35,
2026-08-30T00:49:50.881521+00:00,400,21.61,
2026-08-30T00:49:50.897228+00:00,400,22.38,
2026-08-30T00:49:50.912415+00:00,400,19.3,
2026-08-30T00:49:50.927491+00:00,400,21.73,
2026-08-30T00:49:50.943389+00:00,400,24.05,
2026-08-30T00:49:50.959486+00:00,400,19.95,
2026-08-30T00:49:50.974895+00:00,400,22.42,
2026-08-30T00:49:50.991202+00:00,400,21.15,
2026-08-30T00:49:51.005952+00:00,400,20.52,
2026-08-30T00:49:51.021363+00:00,400,20.36,
2026-08-30T00:49:51.037500+00:00,400,20.78,
2026-08-30T00:49:51.053552+00:00,400,23.15,
2026-08-30T00:49:51.068741+00:00,400,20.14,
2026-08-30T00:49:51.083654+00:00,400,23.78,
2026-08-30T00:49:51.099416+00:00,400,20.43,
2026-08-30T00:49:51.114891+00:00,400,23.3,
2026-08-30T00:49:51.129706+00:00,400,22.45,
2026-08-30T00:49:51.145385+00:00,400,23.48,
2026-08-30T00:49:51.160862+00:00,400,22.26,
2026-08-30T00:49:51.176486+00:00,400,24.41,
2026-08-30T00:49:51.192289+00:00,400,21.48,
2026-08-30T00:49:51.208075+00:00,400,23.57,
2026-08-30T00:49:51.223365+00:00,400,21.05,
2026-08-30T00:49:51.239470+00:00,400,24.02,
2026-08-30T00:49:51.254989+00:00,400,20.6,
2026-08-30T00:49:51.270455+00:00,400,20.96,
2026-08-30T00:49:51.286128+00:00,400,23.42,
2026-08-30T00:49:51.301327+00:00,400,20.58,
2026-08-30T00:49:51.316397+00:00,400,21.15,
2026-08-30T00:49:51.332450+00:00,400,24.16,
2026-08-30T00:49:51.348159+00:00,400,21.2,
2026-08-30T00:49:51.363994+00:00,400,21.3,
2026-08-30T00:49:51.378643+00:00,400,23.89,
2026-08-30T00:49:51.394139+00:00,400,20.69,
2026-08-30T00:49:51.409401+00:00,400,24.92,
2026-08-30T00:49:51.425011+00:00,400,19.54,
2026-08-30T00:49:51.439573+00:00,400,23.0,
2026-08-30T00:49:51.454604+00:00,400,21.0,
2026-08-30T00:49:51.469994+00:00,400,23.15,
2026-08-30T00:49:51.485206+00:00,400,20.92,
2026-08-30T00:49:51.500913+00:00,400,23.3,
2026-08-30T00:49:51.516251+00:00,400,20.7,
2026-08-30T00:49:51.531149+00:00,400,24.49,
2026-08-30T00:49:51.546985+00:00,400,21.09,
2026-08-30T00:49:51.562364+00:00,400,23.95,
2026-08-30T00:49:51.578104+00:00,400,20.24,
2026-08-30T00:49:51.593572+00:00,400,20.9,
2026-08-30T00:49:51.609162+00:00,400,22.96,
2026-08-30T00:49:51.624484+00:00,400,20.15,
2026-08-30T00:49:51.639404+00:00,400,19.96,
2026-08-30T00:49:51.654675+00:00,400,20.2,
2026-08-30T00:49:51.670164+00:00,400,21.75,
2026-08-30T00:49:51.686211+00:00,400,24.03,
2026-08-30T00:49:51.702172+00:00,400,21.49,
2026-08-30T00:49:51.718192+00:00,400,23.61,
2026-08-30T00:49:51.733412+00:00,400,21.55,
2026-08-30T00:49:51.749684+00:00,400,22.66,
2026-08-30T00:49:51.764949+00:00,400,20.37,
2026-08-30T00:49:51.780189+00:00,400,21.01,
2026-08-30T00:49:51.796491+00:00,400,21.31,
2026-08-30T00:49:51.812454+00:00,400,22.22,
2026-08-30T00:49:51.827658+00:00,400,20.1,
2026-08-30T00:49:51.842463+00:00,400,22.9,
2026-08-30T00:49:51.858228+00:00,400,20.43,
2026-08-30T00:49:51.873447+00:00,400,22.14,
2026-08-30T00:49:51.889262+00:00,400,21.98,
2026-08-30T00:49:51.905214+00:00,400,22.43,
2026-08-30T00:49:51.920250+00:00,400,21.4,
2026-08-30T00:49:51.936308+00:00,400,23.53,
2026-08-30T00:49:51.951745+00:00,400,19.8,
2026-08-30T00:49:51.966878+00:00,400,21.74,
2026-08-30T00:49:51.983014+00:00,400,25.02,
2026-08-30T00:49:51.998348+00:00,400,20.99,
2026-08-30T00:49:52.014619+00:00,400,20.24,
2026-08-30T00:49:52.029737+00:00,400,22.32,
2026-08-30T00:49:52.044799+00:00,400,19.49,
2026-08-30T00:49:52.059541+00:00,400,21.71,
2026-08-30T00:49:52.076082+00:00,400,21.21,
2026-08-30T00:49:52.092039+00:00,400,23.34,
2026-08-30T00:49:52.107358+00:00,400,22.07,
2026-08-30T00:49:52.123526+00:00,400,21.93,
2026-08-30T00:49:52.138347+00:00,400,21.38,
2026-08-30T00:49:52.153852+00:00,400,23.0,
2026-08-30T00:49:52.169332+00:00,400,20.29,
2026-08-30T00:49:52.184702+00:00,400,25.25,
2026-08-30T00:49:52.199849+00:00,400,22.26,
2026-08-30T00:49:52.215635+00:00,400,23.13,
2026-08-30T00:49:52.231150+00:00,400,21.36,
2026-08-30T00:49:52.247018+00:00,400,25.09,
2026-08-30T00:49:52.262537+00:00,400,23.46,
2026-08-30T00:49:52.277861+00:00,400,22.61,
2026-08-30T00:49:52.293382+00:00,400,20.3,
2026-08-30T00:49:52.309184+00:00,400,20.99,
2026-08-30T00:49:52.324777+00:00,400,20.97,
2026-08-30T00:49:52.340529+00:00,400,19.69,
2026-08-30T00:49:52.355430+00:00,400,20.47,
2026-08-30T00:49:52.371355+00:00,400,19.9,
2026-08-30T00:49:52.386689+00:00,400,21.25,
2026-08-30T00:49:52.401497+00:00,400,20.56,
2026-08-30T00:49:52.417320+00:00,400,22.65,
2026-08-30T00:49:52.432335+00:00,400,20.59,
2026-08-30T00:49:52.447691+00:00,400,22.55,
2026-08-30T00:49:52.462689+00:00,400,20.55,
2026-08-30T00:49:52.478108+00:00,400,20.87,
2026-08-30T00:49:52.493911+00:00,400,24.85,
2026-08-30T00:49:52.508842+00:00,400,24.82,
2026-08-30T00:49:52.524615+00:00,400,25.76,
2026-08-30T00:49:52.539687+00:00,400,31.31,
2026-08-30T00:49:52.554427+00:00,400,24.11,
2026-08-30T00:49:52.571189+00:00,400,34.84,
2026-08-30T00:49:52.596271+00:00,400,26.96,
2026-08-30T00:49:52.616861+00:00,400,25.38,
2026-08-30T00:49:52.631369+00:00,400,21.24,
2026-08-30T00:49:52.647070+00:00,400,21.52,
2026-08-30T00:49:52.661519+00:00,400,20.39,
2026-08-30T00:49:52.677239+00:00,400,19.98,
2026-08-30T00:49:52.692517+00:00,400,21.33,
2026-08-30T00:49:52.708577+00:00,400,24.08,
2026-08-30T00:49:52.724759+00:00,400,20.58,
2026-08-30T00:49:52.740095+00:00,400,23.12,
2026-08-30T00:49:52.755187+00:00,400,21.48,
2026-08-30T00:49:52.771655+00:00,400,23.76,
2026-08-30T00:49:52.787311+00:00,400,20.71,
2026-08-30T00:49:52.803133+00:00,400,23.37,
2026-08-30T00:49:52.818464+00:00,400,20.34,
2026-08-30T00:49:52.833109+00:00,400,22.67,
2026-08-30T00:49:52.848411+00:00,400,20.93,
2026-08-30T00:49:52.864250+00:00,400,21.68,
2026-08-30T00:49:52.880470+00:00,400,23.72,
2026-08-30T00:49:52.896344+00:00,400,22.03,
2026-08-30T00:49:52.911565+00:00,400,19.69,
2026-08-30T00:49:52.926564+00:00,400,20.09,
2026-08-30T00:49:52.941873+00:00,400,24.47,
2026-08-30T00:49:52.957662+00:00,400,21.1,
2026-08-30T00:49:52.973483+00:00,400,20.93,
2026-08-30T00:49:52.988694+00:00,400,23.88,
2026-08-30T00:49:53.004106+00:00,400,21.54,
2026-08-30T00:49:53.019265+00:00,400,21.48,
2026-08-30T00:49:53.035047+00:00,400,26.03,
2026-08-30T00:49:53.050948+00:00,400,22.14,
2026-08-30T00:49:53.066519+00:00,400,25.77,
2026-08-30T00:49:53.082373+00:00,400,21.77,
2026-08-30T00:49:53.098830+00:00,400,22.86,
2026-08-30T00:49:53.114278+00:00,400,20.5,
2026-08-30T00:49:53.129229+00:00,400,24.86,
2026-08-30T00:49:53.145236+00:00,400,20.66,
2026-08-30T00:49:53.160634+00:00,400,24.06,
2026-08-30T00:49:53.176251+00:00,400,20.38,
2026-08-30T00:49:53.191201+00:00,400,21.35,
2026-08-30T00:49:53.206793+00:00,400,22.82,
2026-08-30T00:49:53.221706+00:00,400,21.68,
2026-08-30T00:49:53.237421+00:00,400,23.9,
2026-08-30T00:49:53.252884+00:00,400,20.27,
2026-08-30T00:49:53.268034+00:00,400,22.25,
2026-08-30T00:49:53.284213+00:00,400,24.71,
2026-08-30T00:49:53.300538+00:00,400,21.86,
2026-08-30T00:49:53.316345+00:00,400,23.47,
2026-08-30T00:49:53.331772+00:00,400,21.6,
2026-08-30T00:49:53.347624+00:00,400,23.29,
2026-08-30T00:49:53.363102+00:00,400,21.68,
2026-08-30T00:49:53.379039+00:00,400,23.78,
2026-08-30T00:49:53.394240+00:00,400,20.58,
2026-08-30T00:49:53.409330+00:00,400,23.78,
2026-08-30T00:49:53.424732+00:00,400,21.35,
2026-08-30T00:49:53.440406+00:00,400,21.61,
2026-08-30T00:49:53.456348+00:00,400,24.17,
2026-08-30T00:49:53.471777+00:00,400,21.91,
2026-08-30T00:49:53.487866+00:00,400,23.27,
2026-08-30T00:49:53.503114+00:00,400,21.46,
2026-08-30T00:49:53.518535+00:00,400,21.31,
2026-08-30T00:49:53.534374+00:00,400,23.51,
2026-08-30T00:49:53.549675+00:00,400,20.0,
2026-08-30T00:49:53.564478+00:00,400,21.76,
2026-08-30T00:49:53.580142+00:00,400,25.56,
2026-08-30T00:49:53.596255+00:00,400,20.56,
2026-08-30T00:49:53.611853+00:00,400,23.33,
2026-08-30T00:49:53.627191+00:00,400,20.97,
2026-08-30T00:49:53.642505+00:00,400,23.41,
2026-08-30T00:49:53.657459+00:00,400,20.96,
2026-08-30T00:49:53.673029+00:00,400,21.03,
2026-08-30T00:49:53.688732+00:00,400,24.0,
2026-08-30T00:49:53.704513+00:00,400,21.25,
2026-08-30T00:49:53.719912+00:00,400,24.97,
2026-08-30T00:49:53.735929+00:00,400,20.08,
2026-08-30T00:49:53.751320+00:00,400,21.08,
2026-08-30T00:49:53.767111+00:00,400,21.56,
2026-08-30T00:49:53.783154+00:00,400,24.6,
2026-08-30T00:49:53.799209+00:00,400,19.84,
2026-08-30T00:49:53.814340+00:00,400,21.28,
2026-08-30T00:49:53.830439+00:00,400,24.22,
2026-08-30T00:49:53.846251+00:00,400,20.62,
2026-08-30T00:49:53.861346+00:00,400,23.3,
2026-08-30T00:49:53.876411+00:00,400,24.03,
2026-08-30T00:49:53.891938+00:00,400,23.01,
2026-08-30T00:49:53.906827+00:00,400,20.74,
2026-08-30T00:49:53.922169+00:00,400,23.08,
2026-08-30T00:49:53.937542+00:00,400,19.61,
2026-08-30T00:49:53.952543+00:00,400,23.32,
2026-08-30T00:49:53.968124+00:00,400,20.54,
2026-08-30T00:49:53.983516+00:00,400,23.17,
2026-08-30T00:49:53.999258+00:00,400,20.38,
2026-08-30T00:49:54.014420+00:00,400,22.47,
2026-08-30T00:49:54.029558+00:00,400,20.99,
2026-08-30T00:49:54.045328+00:00,400,24.61,
2026-08-30T00:49:54.060516+00:00,400,21.3,
2026-08-30T00:49:54.075927+00:00,400,23.98,
2026-08-30T00:49:54.091411+00:00,400,19.71,
2026-08-30T00:49:54.106415+00:00,400,20.19,
2026-08-30T00:49:54.121566+00:00,400,22.09,
2026-08-30T00:49:54.136277+00:00,400,21.29,
2026-08-30T00:49:54.152212+00:00,400,23.21,
2026-08-30T00:49:54.167783+00:00,400,20.72,
2026-08-30T00:49:54.183286+00:00,400,22.82,
2026-08-30T00:49:54.198644+00:00,400,20.74,
2026-08-30T00:49:54.213912+00:00,400,23.38,
2026-08-30T00:49:54.229444+00:00,400,20.52,
2026-08-30T00:49:54.244968+00:00,400,20.87,
2026-08-30T00:49:54.260841+00:00,400,23.48,
2026-08-30T00:49:54.275953+00:00,400,20.26,
2026-08-30T00:49:54.291199+00:00,400,21.35,
2026-08-30T00:49:54.307533+00:00,400,23.36,
2026-08-30T00:49:54.322708+00:00,400,21.87,
2026-08-30T00:49:54.338178+00:00,400,23.47,
2026-08-30T00:49:54.353318+00:00,400,21.63,
2026-08-30T00:49:54.369196+00:00,400,25.01,
2026-08-30T00:49:54.385192+00:00,400,21.59,
2026-08-30T00:49:54.401395+00:00,400,23.32,
2026-08-30T00:49:54.416529+00:00,400,20.73,
2026-08-30T00:49:54.432236+00:00,400,20.91,
2026-08-30T00:49:54.447700+00:00,400,20.32,
2026-08-30T00:49:54.463244+00:00,400,21.34,
2026-08-30T00:49:54.479329+00:00,400,23.15,
2026-08-30T00:49:54.494302+00:00,400,20.99,
2026-08-30T00:49:54.509903+00:00,400,24.48,
2026-08-30T00:49:54.525180+00:00,400,22.07,
2026-08-30T00:49:54.541181+00:00,400,20.94,
2026-08-30T00:49:54.556490+00:00,400,25.21,
2026-08-30T00:49:54.572542+00:00,400,21.72,
2026-08-30T00:49:54.588455+00:00,400,23.27,
2026-08-30T00:49:54.603380+00:00,400,21.44,
2026-08-30T00:49:54.619535+00:00,400,24.04,
2026-08-30T00:49:54.635385+00:00,400,21.26,
2026-08-30T00:49:54.651272+00:00,400,22.83,
2026-08-30T00:49:54.665996+00:00,400,20.74,
2026-08-30T00:49:54.681331+00:00,400,24.04,
2026-08-30T00:49:54.697229+00:00,400,19.79,
2026-08-30T00:49:54.712295+00:00,400,21.35,
2026-08-30T00:49:54.728463+00:00,400,21.28,
2026-08-30T00:49:54.744580+00:00,400,23.12,
2026-08-30T00:49:54.759423+00:00,400,20.26,
2026-08-30T00:49:54.774549+00:00,400,21.24,
2026-08-30T00:49:54.790112+00:00,400,25.06,
2026-08-30T00:49:54.806497+00:00,400,20.84,
2026-08-30T00:49:54.821525+00:00,400,21.17,
2026-08-30T00:49:54.837189+00:00,400,23.59,
2026-08-30T00:49:54.852410+00:00,400,21.76,
2026-08-30T00:49:54.868427+00:00,400,24.79,
2026-08-30T00:49:54.884162+00:00,400,22.84,
2026-08-30T00:49:54.899746+00:00,400,23.68,
2026-08-30T00:49:54.915542+00:00,400,20.94,
2026-08-30T00:49:54.930615+00:00,400,22.83,
2026-08-30T00:49:54.946317+00:00,400,20.55,
2026-08-30T00:49:54.961984+00:00,400,20.75,
2026-08-30T00:49:54.977737+00:00,400,23.71,
2026-08-30T00:49:54.992553+00:00,400,20.95,
2026-08-30T00:49:55.008203+00:00,400,24.29,
2026-08-30T00:49:55.023650+00:00,400,19.76,
2026-08-30T00:49:55.038646+00:00,400,20.68,
2026-08-30T00:49:55.054406+00:00,400,21.71,
2026-08-30T00:49:55.070402+00:00,400,23.31,
2026-08-30T00:49:55.086286+00:00,400,19.85,
2026-08-30T00:49:55.101375+00:00,400,21.97,
2026-08-30T00:49:55.116426+00:00,400,20.27,
2026-08-30T00:49:55.131800+00:00,400,20.61,
2026-08-30T00:49:55.147504+00:00,400,21.48,
2026-08-30T00:49:55.163263+00:00,400,21.88,
2026-08-30T00:49:55.179098+00:00,400,23.27,
2026-08-30T00:49:55.194960+00:00,400,21.89,
2026-08-30T00:49:55.210506+00:00,400,21.48,
2026-08-30T00:49:55.226361+00:00,400,23.41,
2026-08-30T00:49:55.241416+00:00,400,21.32,
2026-08-30T00:49:55.257392+00:00,400,20.9,
2026-08-30T00:49:55.272575+00:00,400,24.37,
2026-08-30T00:49:55.287811+00:00,400,21.31,
2026-08-30T00:49:55.302976+00:00,400,23.61,
2026-08-30T00:49:55.318502+00:00,400,20.69,
2026-08-30T00:49:55.333922+00:00,400,23.43,
2026-08-30T00:49:55.349354+00:00,400,20.78,
2026-08-30T00:49:55.364844+00:00,400,25.0,
2026-08-30T00:49:55.380406+00:00,400,25.39,
2026-08-30T00:49:55.395956+00:00,400,21.09,
2026-08-30T00:49:55.411005+00:00,400,23.84,
2026-08-30T00:49:55.426584+00:00,400,23.28,
2026-08-30T00:49:55.442104+00:00,400,23.42,
2026-08-30T00:49:55.457393+00:00,400,20.79,
2026-08-30T00:49:55.473453+00:00,400,20.58,
2026-08-30T00:49:55.488969+00:00,400,23.32,
2026-08-30T00:49:55.504494+00:00,400,19.7,
2026-08-30T00:49:55.519600+00:00,400,22.35,
2026-08-30T00:49:55.534563+00:00,400,19.91,
2026-08-30T00:49:55.549967+00:00,400,20.18,
2026-08-30T00:49:55.565618+00:00,400,19.99,
2026-08-30T00:49:55.580922+00:00,400,23.24,
2026-08-30T00:49:55.596208+00:00,400,20.05,
2026-08-30T00:49:55.611539+00:00,400,20.38,
2026-08-30T00:49:55.627264+00:00,400,21.03,
2026-08-30T00:49:55.643626+00:00,400,19.93,
2026-08-30T00:49:55.658710+00:00,400,19.73,
2026-08-30T00:49:55.673645+00:00,400,20.15,
2026-08-30T00:49:55.688848+00:00,400,19.42,
2026-08-30T00:49:55.703750+00:00,400,22.67,
2026-08-30T00:49:55.718658+00:00,400,20.59,
2026-08-30T00:49:55.734322+00:00,400,20.72,
2026-08-30T00:49:55.750290+00:00,400,20.79,
2026-08-30T00:49:55.766055+00:00,400,23.9,
2026-08-30T00:49:55.781687+00:00,400,21.06,
2026-08-30T00:49:55.797225+00:00,400,23.77,
2026-08-30T00:49:55.813628+00:00,400,20.26,
2026-08-30T00:49:55.829460+00:00,400,21.43,
2026-08-30T00:49:55.845324+00:00,400,22.22,
2026-08-30T00:49:55.861330+00:00,400,19.83,
2026-08-30T00:49:55.876333+00:00,400,22.36,
2026-08-30T00:49:55.891727+00:00,400,24.26,
2026-08-30T00:49:55.908214+00:00,400,19.75,
2026-08-30T00:49:55.923296+00:00,400,20.46,
2026-08-30T00:49:55.938598+00:00,400,23.4,
2026-08-30T00:49:55.954059+00:00,400,20.86,
2026-08-30T00:49:55.969382+00:00,400,24.8,
2026-08-30T00:49:55.985317+00:00,400,20.17,
2026-08-30T00:49:56.000397+00:00,400,22.55,
2026-08-30T00:49:56.015474+00:00,400,21.85,
2026-08-30T00:49:56.031046+00:00,400,23.07,
2026-08-30T00:49:56.046431+00:00,400,20.73,
2026-08-30T00:49:56.061855+00:00,400,20.7,
2026-08-30T00:49:56.078000+00:00,400,22.65,
2026-08-30T00:49:56.093430+00:00,400,20.33,
2026-08-30T00:49:56.109055+00:00,400,21.11,
2026-08-30T00:49:56.124962+00:00,400,21.75,
2026-08-30T00:49:56.140766+00:00,400,21.36,
2026-08-30T00:49:56.156351+00:00,400,24.37,
2026-08-30T00:49:56.172124+00:00,400,20.79,
2026-08-30T00:49:56.187845+00:00,400,21.49,
2026-08-30T00:49:56.203701+00:00,400,23.35,
2026-08-30T00:49:56.219361+00:00,400,20.65,
2026-08-30T00:49:56.234053+00:00,400,24.47,
2026-08-30T00:49:56.249842+00:00,400,21.31,
2026-08-30T00:49:56.265354+00:00,400,24.07,
2026-08-30T00:49:56.280641+00:00,400,21.61,
2026-08-30T00:49:56.295954+00:00,400,21.22,
2026-08-30T00:49:56.311181+00:00,400,22.02,
2026-08-30T00:49:56.327665+00:00,400,23.65,
2026-08-30T00:49:56.342518+00:00,400,20.36,
2026-08-30T00:49:56.357491+00:00,400,23.73,
2026-08-30T00:49:56.372499+00:00,400,20.35,
2026-08-30T00:49:56.387510+00:00,400,24.01,
2026-08-30T00:49:56.402962+00:00,400,20.48,
2026-08-30T00:49:56.418774+00:00,400,21.26,
2026-08-30T00:49:56.434372+00:00,400,26.66,
2026-08-30T00:49:56.449990+00:00,400,38.5,
2026-08-30T00:49:56.461150+00:00,400,28.24,
2026-08-30T00:49:56.492389+00:00,400,24.62,
2026-08-30T00:49:56.480451+00:00,400,39.08,
2026-08-30T00:49:56.511519+00:00,400,22.9,
2026-08-30T00:49:56.526642+00:00,400,20.12,
2026-08-30T00:49:56.541465+00:00,400,24.82,
2026-08-30T00:49:56.557073+00:00,400,20.48,
2026-08-30T00:49:56.572379+00:00,400,20.85,
2026-08-30T00:49:56.588106+00:00,400,20.76,
2026-08-30T00:49:56.603399+00:00,400,20.69,
2026-08-30T00:49:56.619177+00:00,400,20.44,
2026-08-30T00:49:56.634589+00:00,400,20.41,
2026-08-30T00:49:56.649842+00:00,400,20.2,
2026-08-30T00:49:56.665144+00:00,400,20.72,
2026-08-30T00:49:56.680856+00:00,400,20.29,
2026-08-30T00:49:56.696180+00:00,400,21.99,
2026-08-30T00:49:56.712280+00:00,400,21.67,
2026-08-30T00:49:56.728096+00:00,400,23.51,
2026-08-30T00:49:56.743727+00:00,400,19.59,
2026-08-30T00:49:56.758706+00:00,400,22.94,
2026-08-30T00:49:56.773988+00:00,400,20.05,
2026-08-30T00:49:56.789267+00:00,400,20.81,
2026-08-30T00:49:56.805034+00:00,400,21.11,
2026-08-30T00:49:56.821163+00:00,400,20.77,
2026-08-30T00:49:56.836960+00:00,400,23.36,
2026-08-30T00:49:56.852649+00:00,400,20.55,
2026-08-30T00:49:56.867926+00:00,400,21.1,
2026-08-30T00:49:56.883703+00:00,400,22.42,
2026-08-30T00:49:56.899208+00:00,400,21.1,
2026-08-30T00:49:56.914600+00:00,400,23.75,
2026-08-30T00:49:56.930075+00:00,400,21.14,
2026-08-30T00:49:56.946143+00:00,400,19.46,
2026-08-30T00:49:56.960813+00:00,400,22.9,
2026-08-30T00:49:56.976076+00:00,400,21.02,
2026-08-30T00:49:56.991479+00:00,400,21.53,
2026-08-30T00:49:57.007753+00:00,400,23.24,
2026-08-30T00:49:57.022401+00:00,400,21.51,
2026-08-30T00:49:57.038550+00:00,400,22.76,
2026-08-30T00:49:57.053602+00:00,400,20.49,
2026-08-30T00:49:57.068684+00:00,400,23.25,
2026-08-30T00:49:57.084424+00:00,400,20.67,
2026-08-30T00:49:57.099672+00:00,400,22.28,
2026-08-30T00:49:57.114584+00:00,400,20.53,
2026-08-30T00:49:57.129797+00:00,400,22.2,
2026-08-30T00:49:57.144901+00:00,400,19.52,
2026-08-30T00:49:57.159796+00:00,400,22.14,
2026-08-30T00:49:57.174642+00:00,400,20.45,
2026-08-30T00:49:57.189626+00:00,400,22.32,
2026-08-30T00:49:57.204417+00:00,400,20.11,
2026-08-30T00:49:57.219550+00:00,400,20.13,
2026-08-30T00:49:57.234892+00:00,400,23.01,
2026-08-30T00:49:57.250262+00:00,400,20.27,
2026-08-30T00:49:57.265951+00:00,400,20.64,
2026-08-30T00:49:57.281769+00:00,400,20.08,
2026-08-30T00:49:57.297386+00:00,400,20.17,
2026-08-30T00:49:57.312589+00:00,400,22.96,
2026-08-30T00:49:57.327772+00:00,400,20.04,
2026-08-30T00:49:57.343012+00:00,400,23.16,
2026-08-30T00:49:57.358375+00:00,400,19.97,
2026-08-30T00:49:57.373425+00:00,400,21.07,
2026-08-30T00:49:57.388657+00:00,400,19.95,
2026-08-30T00:49:57.404014+00:00,400,20.99,
2026-08-30T00:49:57.419394+00:00,400,23.93,
2026-08-30T00:49:57.435396+00:00,400,22.7,
2026-08-30T00:49:57.450771+00:00,400,25.97,
2026-08-30T00:49:57.466438+00:00,400,22.42,
2026-08-30T00:49:57.482366+00:00,400,21.9,
2026-08-30T00:49:57.496873+00:00,400,21.26,
2026-08-30T00:49:57.512102+00:00,400,20.46,
2026-08-30T00:49:57.527418+00:00,400,21.25,
2026-08-30T00:49:57.543135+00:00,400,24.77,
2026-08-30T00:49:57.558555+00:00,400,20.88,
2026-08-30T00:49:57.573981+00:00,400,23.5,
2026-08-30T00:49:57.589463+00:00,400,21.04,
2026-08-30T00:49:57.605374+00:00,400,20.69,
2026-08-30T00:49:57.621098+00:00,400,21.15,
2026-08-30T00:49:57.636638+00:00,400,24.16,
2026-08-30T00:49:57.652334+00:00,400,20.39,
2026-08-30T00:49:57.667645+00:00,400,20.59,
2026-08-30T00:49:57.682550+00:00,400,24.02,
2026-08-30T00:49:57.697987+00:00,400,21.25,
2026-08-30T00:49:57.713411+00:00,400,23.84,
2026-08-30T00:49:57.728737+00:00,400,20.94,
2026-08-30T00:49:57.744459+00:00,400,23.3,
2026-08-30T00:49:57.759519+00:00,400,21.04,
2026-08-30T00:49:57.775077+00:00,400,22.57,
2026-08-30T00:49:57.789835+00:00,400,19.93,
2026-08-30T00:49:57.804644+00:00,400,23.48,
2026-08-30T00:49:57.819502+00:00,400,19.84,
2026-08-30T00:49:57.834453+00:00,400,23.44,
2026-08-30T00:49:57.849550+00:00,400,21.06,
2026-08-30T00:49:57.865262+00:00,400,20.82,
2026-08-30T00:49:57.880700+00:00,400,24.05,
2026-08-30T00:49:57.896497+00:00,400,20.5,
2026-08-30T00:49:57.911864+00:00,400,23.78,
2026-08-30T00:49:57.927290+00:00,400,21.37,
2026-08-30T00:49:57.943454+00:00,400,22.0,
2026-08-30T00:49:57.959609+00:00,400,23.29,
2026-08-30T00:49:57.974680+00:00,400,19.82,
2026-08-30T00:49:57.989497+00:00,400,21.79,
2026-08-30T00:49:58.005134+00:00,400,21.69,
2026-08-30T00:49:58.020751+00:00,400,24.8,
2026-08-30T00:49:58.036366+00:00,400,21.14,
2026-08-30T00:49:58.051438+00:00,400,25.18,
2026-08-30T00:49:58.067899+00:00,400,21.74,
2026-08-30T00:49:58.083209+00:00,400,24.4,
2026-08-30T00:49:58.098478+00:00,400,21.01,
2026-08-30T00:49:58.114149+00:00,400,23.78,
2026-08-30T00:49:58.129655+00:00,400,20.62,
2026-08-30T00:49:58.144637+00:00,400,22.99,
2026-08-30T00:49:58.159333+00:00,400,20.82,
2026-08-30T00:49:58.174571+00:00,400,23.64,
2026-08-30T00:49:58.189495+00:00,400,20.71,
2026-08-30T00:49:58.204329+00:00,400,24.16,
2026-08-30T00:49:58.219392+00:00,400,21.28,
2026-08-30T00:49:58.235263+00:00,400,23.68,
2026-08-30T00:49:58.250959+00:00,400,20.57,
2026-08-30T00:49:58.266323+00:00,400,23.19,
2026-08-30T00:49:58.282275+00:00,400,19.67,
2026-08-30T00:49:58.297265+00:00,400,22.09,
2026-08-30T00:49:58.312262+00:00,400,20.27,
2026-08-30T00:49:58.327897+00:00,400,20.38,
2026-08-30T00:49:58.343472+00:00,400,20.48,
2026-08-30T00:49:58.359204+00:00,400,21.19,
2026-08-30T00:49:58.375072+00:00,400,22.79,
2026-08-30T00:49:58.390521+00:00,400,20.42,
2026-08-30T00:49:58.406254+00:00,400,22.3,
2026-08-30T00:49:58.421403+00:00,400,21.16,
2026-08-30T00:49:58.437320+00:00,400,20.34,
2026-08-30T00:49:58.452803+00:00,400,21.95,
2026-08-30T00:49:58.467343+00:00,400,21.06,
2026-08-30T00:49:58.482289+00:00,400,23.02,
2026-08-30T00:49:58.498114+00:00,400,21.18,
2026-08-30T00:49:58.514097+00:00,400,21.48,
2026-08-30T00:49:58.530401+00:00,400,22.7,
2026-08-30T00:49:58.545326+00:00,400,21.0,
2026-08-30T00:49:58.561242+00:00,400,20.2,
2026-08-30T00:49:58.576505+00:00,400,22.8,
2026-08-30T00:49:58.591568+00:00,400,20.95,
2026-08-30T00:49:58.606449+00:00,400,24.44,
2026-08-30T00:49:58.621671+00:00,400,20.04,
2026-08-30T00:49:58.636748+00:00,400,22.2,
2026-08-30T00:49:58.651768+00:00,400,19.97,
2026-08-30T00:49:58.666378+00:00,400,22.82,
2026-08-30T00:49:58.681449+00:00,400,21.06,
2026-08-30T00:49:58.697253+00:00,400,23.95,
2026-08-30T00:49:58.713035+00:00,400,20.4,
2026-08-30T00:49:58.728129+00:00,400,25.24,
2026-08-30T00:49:58.743841+00:00,400,22.08,
2026-08-30T00:49:58.759179+00:00,400,22.79,
2026-08-30T00:49:58.775379+00:00,400,24.18,
2026-08-30T00:49:58.790738+00:00,400,20.92,
2026-08-30T00:49:58.805902+00:00,400,24.54,
2026-08-30T00:49:58.821533+00:00,400,22.12,
2026-08-30T00:49:58.837381+00:00,400,25.46,
2026-08-30T00:49:58.853243+00:00,400,20.88,
2026-08-30T00:49:58.868876+00:00,400,23.78,
2026-08-30T00:49:58.883416+00:00,400,20.59,
2026-08-30T00:49:58.898656+00:00,400,21.21,
2026-08-30T00:49:58.913987+00:00,400,24.21,
2026-08-30T00:49:58.929679+00:00,400,21.19,
2026-08-30T00:49:58.944724+00:00,400,23.41,
2026-08-30T00:49:58.959607+00:00,400,20.93,
2026-08-30T00:49:58.975046+00:00,400,25.34,
2026-08-30T00:49:58.991163+00:00,400,20.5,
2026-08-30T00:49:59.006403+00:00,400,24.19,
2026-08-30T00:49:59.021766+00:00,400,21.48,
2026-08-30T00:49:59.037616+00:00,400,25.54,
2026-08-30T00:49:59.052452+00:00,400,22.19,
2026-08-30T00:49:59.067851+00:00,400,24.53,
2026-08-30T00:49:59.083616+00:00,400,20.36,
2026-08-30T00:49:59.098892+00:00,400,21.31,
2026-08-30T00:49:59.114977+00:00,400,24.34,
2026-08-30T00:49:59.130982+00:00,400,23.09,
2026-08-30T00:49:59.146518+00:00,400,23.46,
2026-08-30T00:49:59.161590+00:00,400,19.57,
2026-08-30T00:49:59.176453+00:00,400,21.42,
2026-08-30T00:49:59.192158+00:00,400,21.55,
2026-08-30T00:49:59.208129+00:00,400,23.79,
2026-08-30T00:49:59.224024+00:00,400,21.33,
2026-08-30T00:49:59.239664+00:00,400,23.82,
2026-08-30T00:49:59.254990+00:00,400,21.12,
2026-08-30T00:49:59.270836+00:00,400,20.35,
2026-08-30T00:49:59.286032+00:00,400,24.49,
2026-08-30T00:49:59.302118+00:00,400,19.3,
2026-08-30T00:49:59.316836+00:00,400,20.55,
2026-08-30T00:49:59.332349+00:00,400,23.9,
2026-08-30T00:49:59.347837+00:00,400,21.43,
2026-08-30T00:49:59.363670+00:00,400,22.16,
2026-08-30T00:49:59.378854+00:00,400,24.31,
2026-08-30T00:49:59.393814+00:00,400,23.95,
2026-08-30T00:49:59.409197+00:00,400,21.6,
2026-08-30T00:49:59.424963+00:00,400,24.0,
2026-08-30T00:49:59.439936+00:00,400,22.49,
2026-08-30T00:49:59.455455+00:00,400,24.56,
2026-08-30T00:49:59.470548+00:00,400,21.28,
2026-08-30T00:49:59.486481+00:00,400,21.74,
2026-08-30T00:49:59.502283+00:00,400,23.78,
2026-08-30T00:49:59.517478+00:00,400,20.15,
2026-08-30T00:49:59.532517+00:00,400,20.86,
2026-08-30T00:49:59.547852+00:00,400,24.29,
2026-08-30T00:49:59.563449+00:00,400,20.12,
2026-08-30T00:49:59.578871+00:00,400,20.8,
2026-08-30T00:49:59.593980+00:00,400,23.89,
2026-08-30T00:49:59.608863+00:00,400,22.38,
2026-08-30T00:49:59.624870+00:00,400,20.69,
2026-08-30T00:49:59.640543+00:00,400,23.43,
2026-08-30T00:49:59.655461+00:00,400,20.68,
2026-08-30T00:49:59.670707+00:00,400,24.68,
2026-08-30T00:49:59.685618+00:00,400,22.6,
2026-08-30T00:49:59.701190+00:00,400,24.5,
2026-08-30T00:49:59.716375+00:00,400,21.99,
2026-08-30T00:49:59.732493+00:00,400,23.59,
2026-08-30T00:49:59.747381+00:00,400,22.09,
2026-08-30T00:49:59.763281+00:00,400,25.64,
2026-08-30T00:49:59.778980+00:00,400,21.37,
2026-08-30T00:49:59.794052+00:00,400,25.74,
2026-08-30T00:49:59.809455+00:00,400,20.57,
2026-08-30T00:49:59.824660+00:00,400,21.24,
2026-08-30T00:49:59.840004+00:00,400,24.8,
2026-08-30T00:49:59.855491+00:00,400,21.5,
2026-08-30T00:49:59.871128+00:00,400,25.57,
2026-08-30T00:49:59.886243+00:00,400,21.58,
2026-08-30T00:49:59.902110+00:00,400,24.31,
2026-08-30T00:49:59.917733+00:00,400,21.13,
2026-08-30T00:49:59.932741+00:00,400,24.38,
2026-08-30T00:49:59.948465+00:00,400,22.25,
2026-08-30T00:49:59.963960+00:00,400,25.19,
2026-08-30T00:49:59.980406+00:00,400,21.68,
2026-08-30T00:49:59.996470+00:00,400,24.43,
2026-08-30T00:50:00.011996+00:00,400,21.73,
2026-08-30T00:50:00.027433+00:00,400,21.24,
2026-08-30T00:50:00.042714+00:00,400,20.86,
2026-08-30T00:50:00.058276+00:00,400,23.74,
2026-08-30T00:50:00.073263+00:00,400,20.31,
2026-08-30T00:50:00.088463+00:00,400,24.7,
2026-08-30T00:50:00.104017+00:00,400,20.56,
2026-08-30T00:50:00.119430+00:00,400,24.16,
2026-08-30T00:50:00.134861+00:00,400,20.17,
2026-08-30T00:50:00.149934+00:00,400,23.61,
2026-08-30T00:50:00.165345+00:00,400,20.26,
2026-08-30T00:50:00.180832+00:00,400,24.31,
2026-08-30T00:50:00.196540+00:00,400,21.27,
2026-08-30T00:50:00.211664+00:00,400,23.24,
2026-08-30T00:50:00.226542+00:00,400,20.68,
2026-08-30T00:50:00.242251+00:00,400,24.82,
2026-08-30T00:50:00.258102+00:00,400,19.5,
2026-08-30T00:50:00.272897+00:00,400,19.74,
2026-08-30T00:50:00.287731+00:00,400,20.3,
2026-08-30T00:50:00.303159+00:00,400,20.32,
2026-08-30T00:50:00.318401+00:00,400,24.01,
2026-08-30T00:50:00.333986+00:00,400,19.61,
2026-08-30T00:50:00.348936+00:00,400,20.22,
2026-08-30T00:50:00.364636+00:00,400,20.45,
2026-08-30T00:50:00.380351+00:00,400,21.17,
2026-08-30T00:50:00.396467+00:00,400,20.19,
2026-08-30T00:50:00.411821+00:00,400,20.34,
2026-08-30T00:50:00.427353+00:00,400,19.52,
2026-08-30T00:50:00.442557+00:00,400,21.23,
2026-08-30T00:50:00.457797+00:00,400,23.41,
2026-08-30T00:50:00.472483+00:00,400,19.78,
2026-08-30T00:50:00.487618+00:00,400,20.58,
2026-08-30T00:50:00.502464+00:00,400,23.9,
2026-08-30T00:50:00.518139+00:00,400,20.27,
2026-08-30T00:50:00.533521+00:00,400,24.21,
2026-08-30T00:50:00.549272+00:00,400,21.58,
2026-08-30T00:50:00.564341+00:00,400,23.56,
2026-08-30T00:50:00.579425+00:00,400,21.22,
2026-08-30T00:50:00.594934+00:00,400,24.53,
2026-08-30T00:50:00.610192+00:00,400,20.63,
2026-08-30T00:50:00.625496+00:00,400,22.57,
2026-08-30T00:50:00.640691+00:00,400,20.0,
2026-08-30T00:50:00.656107+00:00,400,22.25,
2026-08-30T00:50:00.671272+00:00,400,20.53,
2026-08-30T00:50:00.686566+00:00,400,22.6,
2026-08-30T00:50:00.701710+00:00,400,20.89,
2026-08-30T00:50:00.717526+00:00,400,25.43,
2026-08-30T00:50:00.732941+00:00,400,23.62,
2026-08-30T00:50:00.749283+00:00,400,25.18,
2026-08-30T00:50:00.764475+00:00,400,21.18,
2026-08-30T00:50:00.779819+00:00,400,20.21,
2026-08-30T00:50:00.794593+00:00,400,24.6,
2026-08-30T00:50:00.809692+00:00,400,20.7,
2026-08-30T00:50:00.824673+00:00,400,25.82,
2026-08-30T00:50:00.840265+00:00,400,21.01,
2026-08-30T00:50:00.855480+00:00,400,23.23,
2026-08-30T00:50:00.870820+00:00,400,20.57,
2026-08-30T00:50:00.886411+00:00,400,19.64,
2026-08-30T00:50:00.901558+00:00,400,20.35,
2026-08-30T00:50:00.917346+00:00,400,20.29,
2026-08-30T00:50:00.932979+00:00,400,20.89,
2026-08-30T00:50:00.949117+00:00,400,20.63,
2026-08-30T00:50:00.964498+00:00,400,24.11,
2026-08-30T00:50:00.979736+00:00,400,19.73,
2026-08-30T00:50:00.994633+00:00,400,19.77,
2026-08-30T00:50:01.009811+00:00,400,20.87,
2026-08-30T00:50:01.025344+00:00,400,20.46,
2026-08-30T00:50:01.040490+00:00,400,23.46,
2026-08-30T00:50:01.056189+00:00,400,20.7,
2026-08-30T00:50:01.071727+00:00,400,23.33,
2026-08-30T00:50:01.087116+00:00,400,19.67,
2026-08-30T00:50:01.102138+00:00,400,22.4,
2026-08-30T00:50:01.117261+00:00,400,20.28,
2026-08-30T00:50:01.132822+00:00,400,23.43,
2026-08-30T00:50:01.147932+00:00,400,20.26,
2026-08-30T00:50:01.163041+00:00,400,21.2,
2026-08-30T00:50:01.178535+00:00,400,22.75,
2026-08-30T00:50:01.193392+00:00,400,20.98,
2026-08-30T00:50:01.209625+00:00,400,21.55,
2026-08-30T00:50:01.225083+00:00,400,23.37,
2026-08-30T00:50:01.240526+00:00,400,21.22,
2026-08-30T00:50:01.256310+00:00,400,24.17,
2026-08-30T00:50:01.271069+00:00,400,20.15,
2026-08-30T00:50:01.286165+00:00,400,21.6,
2026-08-30T00:50:01.302206+00:00,400,22.56,
2026-08-30T00:50:01.317286+00:00,400,20.5,
2026-08-30T00:50:01.333015+00:00,400,20.9,
2026-08-30T00:50:01.348598+00:00,400,22.92,
2026-08-30T00:50:01.363381+00:00,400,21.36,
2026-08-30T00:50:01.378611+00:00,400,23.28,
2026-08-30T00:50:01.393893+00:00,400,22.21,
2026-08-30T00:50:01.409715+00:00,400,24.3,
2026-08-30T00:50:01.425290+00:00,400,40.04,
2026-08-30T00:50:01.440270+00:00,400,55.93,
2026-08-30T00:50:01.465762+00:00,400,46.59,
2026-08-30T00:50:01.490590+00:00,400,24.63,
2026-08-30T00:50:01.502874+00:00,400,20.59,
2026-08-30T00:50:01.515339+00:00,400,24.74,
2026-08-30T00:50:01.533922+00:00,400,25.63,
2026-08-30T00:50:01.549502+00:00,400,21.38,
2026-08-30T00:50:01.565179+00:00,400,24.42,
2026-08-30T00:50:01.581291+00:00,400,20.66,
2026-08-30T00:50:01.597321+00:00,400,20.5,
2026-08-30T00:50:01.613153+00:00,400,21.04,
2026-08-30T00:50:01.629277+00:00,400,20.14,
2026-08-30T00:50:01.644652+00:00,400,19.74,
2026-08-30T00:50:01.659574+00:00,400,23.3,
2026-08-30T00:50:01.674805+00:00,400,20.4,
2026-08-30T00:50:01.690693+00:00,400,19.98,
2026-08-30T00:50:01.705540+00:00,400,22.27,
2026-08-30T00:50:01.720370+00:00,400,20.83,
2026-08-30T00:50:01.736020+00:00,400,21.42,
2026-08-30T00:50:01.752146+00:00,400,20.8,
2026-08-30T00:50:01.768113+00:00,400,23.02,
2026-08-30T00:50:01.783587+00:00,400,22.27,
2026-08-30T00:50:01.798331+00:00,400,20.26,
2026-08-30T00:50:01.813727+00:00,400,23.53,
2026-08-30T00:50:01.829134+00:00,400,20.24,
2026-08-30T00:50:01.844052+00:00,400,20.4,
2026-08-30T00:50:01.859606+00:00,400,22.45,
2026-08-30T00:50:01.874370+00:00,400,20.32,
2026-08-30T00:50:01.889679+00:00,400,23.1,
2026-08-30T00:50:01.904744+00:00,400,20.0,
2026-08-30T00:50:01.920293+00:00,400,22.49,
2026-08-30T00:50:01.936463+00:00,400,21.6,
2026-08-30T00:50:01.951284+00:00,400,20.31,
2026-08-30T00:50:01.966504+00:00,400,22.42,
2026-08-30T00:50:01.981530+00:00,400,20.84,
2026-08-30T00:50:01.996605+00:00,400,22.29,
2026-08-30T00:50:02.011901+00:00,400,20.4,
2026-08-30T00:50:02.027565+00:00,400,20.28,
2026-08-30T00:50:02.042733+00:00,400,23.69,
2026-08-30T00:50:02.058263+00:00,400,19.82,
2026-08-30T00:50:02.073538+00:00,400,19.63,
2026-08-30T00:50:02.088567+00:00,400,20.22,
2026-08-30T00:50:02.103394+00:00,400,22.99,
2026-08-30T00:50:02.119010+00:00,400,19.71,
2026-08-30T00:50:02.133673+00:00,400,19.94,
2026-08-30T00:50:02.149094+00:00,400,20.94,
2026-08-30T00:50:02.164877+00:00,400,21.66,
2026-08-30T00:50:02.180865+00:00,400,22.83,
2026-08-30T00:50:02.196525+00:00,400,19.49,
2026-08-30T00:50:02.211587+00:00,400,23.37,
2026-08-30T00:50:02.226496+00:00,400,19.43,
2026-08-30T00:50:02.241427+00:00,400,20.09,
2026-08-30T00:50:02.256373+00:00,400,22.62,
2026-08-30T00:50:02.271294+00:00,400,25.7,
2026-08-30T00:50:02.301533+00:00,400,23.28,
2026-08-30T00:50:02.286975+00:00,400,38.55,
2026-08-30T00:50:02.316866+00:00,400,22.69,
2026-08-30T00:50:02.331563+00:00,400,19.54,
2026-08-30T00:50:02.346304+00:00,400,21.36,
2026-08-30T00:50:02.361794+00:00,400,25.8,
2026-08-30T00:50:02.377539+00:00,400,19.55,
2026-08-30T00:50:02.392344+00:00,400,21.78,
2026-08-30T00:50:02.408377+00:00,400,22.45,
2026-08-30T00:50:02.423552+00:00,400,19.7,
2026-08-30T00:50:02.438388+00:00,400,19.7,
2026-08-30T00:50:02.453471+00:00,400,22.11,
2026-08-30T00:50:02.468425+00:00,400,20.52,
2026-08-30T00:50:02.483774+00:00,400,23.25,
2026-08-30T00:50:02.498852+00:00,400,20.83,
2026-08-30T00:50:02.514584+00:00,400,22.48,
2026-08-30T00:50:02.529654+00:00,400,21.75,
2026-08-30T00:50:02.546304+00:00,400,21.43,
2026-08-30T00:50:02.562249+00:00,400,23.18,
2026-08-30T00:50:02.577588+00:00,400,21.48,
2026-08-30T00:50:02.593395+00:00,400,24.35,
2026-08-30T00:50:02.608882+00:00,400,18.26,
2026-08-30T00:50:02.627195+00:00,400,22.11,
2026-08-30T00:50:02.640273+00:00,400,20.75,
2026-08-30T00:50:02.656086+00:00,400,21.56,
2026-08-30T00:50:02.671899+00:00,400,23.98,
2026-08-30T00:50:02.687607+00:00,400,21.63,
2026-08-30T00:50:02.703544+00:00,400,23.64,
2026-08-30T00:50:02.718886+00:00,400,20.93,
2026-08-30T00:50:02.734524+00:00,400,23.45,
2026-08-30T00:50:02.749607+00:00,400,20.47,
2026-08-30T00:50:02.765050+00:00,400,21.29,
2026-08-30T00:50:02.780980+00:00,400,22.72,
2026-08-30T00:50:02.796133+00:00,400,21.16,
2026-08-30T00:50:02.811534+00:00,400,20.45,
2026-08-30T00:50:02.827314+00:00,400,21.71,
2026-08-30T00:50:02.843162+00:00,400,23.69,
2026-08-30T00:50:02.858788+00:00,400,19.5,
2026-08-30T00:50:02.873272+00:00,400,20.52,
2026-08-30T00:50:02.888593+00:00,400,24.25,
2026-08-30T00:50:02.903781+00:00,400,21.44,
2026-08-30T00:50:02.919814+00:00,400,20.93,
2026-08-30T00:50:02.935812+00:00,400,20.99,
2026-08-30T00:50:02.950847+00:00,400,20.62,
2026-08-30T00:50:02.966466+00:00,400,20.9,
2026-08-30T00:50:02.982298+00:00,400,20.75,
2026-08-30T00:50:02.997966+00:00,400,21.06,
2026-08-30T00:50:03.013891+00:00,400,20.44,
2026-08-30T00:50:03.029861+00:00,400,21.33,
2026-08-30T00:50:03.046257+00:00,400,20.6,
2026-08-30T00:50:03.061633+00:00,400,20.28,
2026-08-30T00:50:03.077459+00:00,400,19.78,
2026-08-30T00:50:03.092551+00:00,400,23.3,
2026-08-30T00:50:03.108238+00:00,400,20.92,
2026-08-30T00:50:03.124039+00:00,400,20.56,
2026-08-30T00:50:03.139818+00:00,400,22.87,
2026-08-30T00:50:03.155567+00:00,400,19.68,
2026-08-30T00:50:03.170507+00:00,400,19.61,
2026-08-30T00:50:03.185357+00:00,400,19.98,
2026-08-30T00:50:03.200810+00:00,400,20.16,
2026-08-30T00:50:03.216170+00:00,400,20.36,
2026-08-30T00:50:03.231851+00:00,400,22.01,
2026-08-30T00:50:03.246448+00:00,400,20.27,
2026-08-30T00:50:03.262297+00:00,400,20.44,
2026-08-30T00:50:03.277792+00:00,400,19.29,
2026-08-30T00:50:03.292874+00:00,400,19.56,
2026-08-30T00:50:03.308146+00:00,400,20.53,
2026-08-30T00:50:03.324064+00:00,400,21.17,
2026-08-30T00:50:03.340348+00:00,400,20.17,
2026-08-30T00:50:03.355567+00:00,400,19.5,
2026-08-30T00:50:03.370462+00:00,400,22.2,
2026-08-30T00:50:03.386912+00:00,400,21.65,
2026-08-30T00:50:03.401562+00:00,400,20.94,
2026-08-30T00:50:03.416455+00:00,400,21.39,
2026-08-30T00:50:03.431395+00:00,400,21.87,
2026-08-30T00:50:03.446333+00:00,400,19.26,
2026-08-30T00:50:03.461249+00:00,400,20.61,
2026-08-30T00:50:03.476956+00:00,400,21.31,
2026-08-30T00:50:03.491481+00:00,400,19.42,
2026-08-30T00:50:03.506405+00:00,400,21.1,
2026-08-30T00:50:03.522172+00:00,400,22.78,
2026-08-30T00:50:03.537874+00:00,400,19.91,
2026-08-30T00:50:03.553043+00:00,400,20.55,
2026-08-30T00:50:03.568335+00:00,400,20.75,
2026-08-30T00:50:03.584472+00:00,400,20.75,
2026-08-30T00:50:03.600094+00:00,400,22.28,
2026-08-30T00:50:03.615653+00:00,400,19.7,
2026-08-30T00:50:03.630399+00:00,400,19.48,
2026-08-30T00:50:03.645395+00:00,400,20.26,
2026-08-30T00:50:03.660479+00:00,400,22.87,
2026-08-30T00:50:03.676017+00:00,400,19.57,
2026-08-30T00:50:03.691215+00:00,400,19.49,
2026-08-30T00:50:03.706373+00:00,400,19.78,
2026-08-30T00:50:03.721365+00:00,400,20.33,
2026-08-30T00:50:03.736610+00:00,400,21.84,
2026-08-30T00:50:03.751511+00:00,400,20.36,
2026-08-30T00:50:03.767105+00:00,400,21.36,
2026-08-30T00:50:03.783611+00:00,400,20.26,
2026-08-30T00:50:03.799670+00:00,400,22.17,
2026-08-30T00:50:03.814468+00:00,400,19.64,
2026-08-30T00:50:03.829624+00:00,400,22.8,
2026-08-30T00:50:03.845032+00:00,400,19.08,
2026-08-30T00:50:03.860030+00:00,400,21.21,
2026-08-30T00:50:03.876415+00:00,400,22.67,
2026-08-30T00:50:03.891887+00:00,400,20.27,
2026-08-30T00:50:03.907719+00:00,400,19.96,
2026-08-30T00:50:03.922679+00:00,400,19.77,
2026-08-30T00:50:03.938243+00:00,400,20.31,
2026-08-30T00:50:03.953359+00:00,400,19.98,
2026-08-30T00:50:03.968495+00:00,400,21.3,
2026-08-30T00:50:03.984061+00:00,400,20.52,
2026-08-30T00:50:03.999553+00:00,400,20.84,
2026-08-30T00:50:04.015435+00:00,400,23.97,
2026-08-30T00:50:04.031687+00:00,400,23.5,
2026-08-30T00:50:04.046393+00:00,400,21.34,
2026-08-30T00:50:04.061387+00:00,400,26.01,
2026-08-30T00:50:04.076440+00:00,400,22.67,
2026-08-30T00:50:04.091805+00:00,400,19.66,
2026-08-30T00:50:04.106994+00:00,400,20.79,
2026-08-30T00:50:04.122356+00:00,400,21.23,
2026-08-30T00:50:04.138546+00:00,400,23.55,
2026-08-30T00:50:04.153905+00:00,400,21.24,
2026-08-30T00:50:04.169863+00:00,400,23.04,
2026-08-30T00:50:04.186336+00:00,400,23.45,
2026-08-30T00:50:04.201516+00:00,400,19.97,
2026-08-30T00:50:04.216488+00:00,400,25.63,
2026-08-30T00:50:04.231948+00:00,400,20.21,
2026-08-30T00:50:04.246949+00:00,400,23.95,
2026-08-30T00:50:04.262118+00:00,400,20.69,
2026-08-30T00:50:04.277752+00:00,400,20.28,
2026-08-30T00:50:04.293478+00:00,400,20.27,
2026-08-30T00:50:04.308967+00:00,400,21.41,
2026-08-30T00:50:04.325044+00:00,400,21.37,
2026-08-30T00:50:04.341169+00:00,400,20.07,
2026-08-30T00:50:04.356403+00:00,400,20.61,
2026-08-30T00:50:04.372418+00:00,400,20.49,
2026-08-30T00:50:04.387953+00:00,400,20.95,
2026-08-30T00:50:04.403110+00:00,400,23.34,
2026-08-30T00:50:04.418582+00:00,400,21.24,
2026-08-30T00:50:04.433369+00:00,400,23.99,
2026-08-30T00:50:04.448450+00:00,400,21.05,
2026-08-30T00:50:04.463857+00:00,400,25.19,
2026-08-30T00:50:04.479635+00:00,400,21.16,
2026-08-30T00:50:04.494826+00:00,400,24.22,
2026-08-30T00:50:04.510255+00:00,400,20.98,
2026-08-30T00:50:04.526155+00:00,400,21.14,
2026-08-30T00:50:04.541676+00:00,400,20.96,
2026-08-30T00:50:04.557616+00:00,400,23.33,
2026-08-30T00:50:04.572563+00:00,400,21.07,
2026-08-30T00:50:04.587802+00:00,400,24.53,
2026-08-30T00:50:04.604018+00:00,400,20.56,
2026-08-30T00:50:04.619513+00:00,400,23.73,
2026-08-30T00:50:04.634934+00:00,400,19.97,
2026-08-30T00:50:04.650201+00:00,400,21.43,
2026-08-30T00:50:04.666349+00:00,400,21.38,
2026-08-30T00:50:04.681892+00:00,400,20.94,
2026-08-30T00:50:04.697404+00:00,400,20.27,
2026-08-30T00:50:04.712736+00:00,400,21.39,
2026-08-30T00:50:04.728636+00:00,400,24.15,
2026-08-30T00:50:04.744816+00:00,400,20.14,
2026-08-30T00:50:04.760122+00:00,400,22.7,
2026-08-30T00:50:04.775516+00:00,400,20.04,
2026-08-30T00:50:04.790812+00:00,400,20.36,
2026-08-30T00:50:04.806416+00:00,400,20.07,
2026-08-30T00:50:04.821872+00:00,400,20.75,
2026-08-30T00:50:04.837144+00:00,400,24.64,
2026-08-30T00:50:04.853026+00:00,400,19.87,
2026-08-30T00:50:04.868184+00:00,400,20.77,
2026-08-30T00:50:04.884275+00:00,400,20.11,
2026-08-30T00:50:04.899559+00:00,400,20.91,
2026-08-30T00:50:04.914615+00:00,400,22.1,
2026-08-30T00:50:04.929300+00:00,400,20.56,
2026-08-30T00:50:04.944859+00:00,400,21.05,
2026-08-30T00:50:04.961110+00:00,400,23.99,
2026-08-30T00:50:04.976098+00:00,400,21.61,
2026-08-30T00:50:04.991697+00:00,400,19.94,
2026-08-30T00:50:05.006410+00:00,400,23.17,
2026-08-30T00:50:05.021964+00:00,400,21.28,
2026-08-30T00:50:05.038081+00:00,400,22.39,
2026-08-30T00:50:05.053857+00:00,400,23.52,
2026-08-30T00:50:05.069590+00:00,400,19.97,
2026-08-30T00:50:05.085111+00:00,400,20.35,
2026-08-30T00:50:05.100449+00:00,400,21.49,
2026-08-30T00:50:05.116098+00:00,400,23.6,
2026-08-30T00:50:05.131655+00:00,400,19.81,
2026-08-30T00:50:05.147294+00:00,400,19.69,
2026-08-30T00:50:05.162316+00:00,400,20.8,
2026-08-30T00:50:05.178227+00:00,400,22.27,
2026-08-30T00:50:05.193245+00:00,400,19.92,
2026-08-30T00:50:05.208494+00:00,400,20.45,
2026-08-30T00:50:05.223991+00:00,400,20.56,
2026-08-30T00:50:05.239627+00:00,400,21.11,
2026-08-30T00:50:05.254519+00:00,400,22.83,
2026-08-30T00:50:05.269601+00:00,400,20.62,
2026-08-30T00:50:05.284897+00:00,400,20.96,
2026-08-30T00:50:05.300160+00:00,400,24.64,
2026-08-30T00:50:05.315735+00:00,400,21.72,
2026-08-30T00:50:05.331354+00:00,400,24.67,
2026-08-30T00:50:05.346358+00:00,400,20.36,
2026-08-30T00:50:05.361270+00:00,400,23.99,
2026-08-30T00:50:05.376577+00:00,400,23.5,
2026-08-30T00:50:05.392688+00:00,400,26.73,
2026-08-30T00:50:05.407913+00:00,400,22.05,
2026-08-30T00:50:05.419589+00:00,400,26.29,
2026-08-30T00:50:05.438180+00:00,400,25.57,
2026-08-30T00:50:05.453384+00:00,400,22.92,
2026-08-30T00:50:05.468485+00:00,400,25.55,
2026-08-30T00:50:05.483911+00:00,400,20.36,
2026-08-30T00:50:05.498955+00:00,400,22.37,
2026-08-30T00:50:05.514513+00:00,400,22.73,
2026-08-30T00:50:05.529669+00:00,400,20.01,
2026-08-30T00:50:05.545019+00:00,400,20.63,
2026-08-30T00:50:05.560660+00:00,400,22.38,
2026-08-30T00:50:05.576472+00:00,400,23.24,
2026-08-30T00:50:05.591493+00:00,400,20.23,
2026-08-30T00:50:05.606310+00:00,400,23.22,
2026-08-30T00:50:05.621447+00:00,400,19.81,
2026-08-30T00:50:05.636473+00:00,400,20.4,
2026-08-30T00:50:05.651538+00:00,400,19.65,
2026-08-30T00:50:05.666349+00:00,400,20.19,
2026-08-30T00:50:05.681735+00:00,400,20.47,
2026-08-30T00:50:05.697569+00:00,400,20.35,
2026-08-30T00:50:05.712405+00:00,400,23.21,
2026-08-30T00:50:05.728216+00:00,400,21.46,
2026-08-30T00:50:05.744104+00:00,400,23.55,
2026-08-30T00:50:05.759473+00:00,400,21.12,
2026-08-30T00:50:05.774896+00:00,400,23.55,
2026-08-30T00:50:05.790547+00:00,400,20.17,
2026-08-30T00:50:05.805613+00:00,400,23.15,
2026-08-30T00:50:05.821073+00:00,400,20.58,
2026-08-30T00:50:05.836222+00:00,400,24.14,
2026-08-30T00:50:05.852136+00:00,400,20.71,
2026-08-30T00:50:05.867173+00:00,400,21.24,
2026-08-30T00:50:05.883094+00:00,400,23.12,
2026-08-30T00:50:05.898395+00:00,400,21.16,
2026-08-30T00:50:05.914180+00:00,400,22.59,
2026-08-30T00:50:05.929295+00:00,400,21.04,
2026-08-30T00:50:05.944576+00:00,400,23.16,
2026-08-30T00:50:05.959516+00:00,400,21.31,
2026-08-30T00:50:05.975058+00:00,400,25.37,
2026-08-30T00:50:05.990812+00:00,400,21.85,
2026-08-30T00:50:06.006229+00:00,400,20.52,
2026-08-30T00:50:06.021691+00:00,400,21.08,
2026-08-30T00:50:06.037470+00:00,400,22.91,
2026-08-30T00:50:06.052447+00:00,400,21.27,
2026-08-30T00:50:06.067439+00:00,400,21.28,
2026-08-30T00:50:06.083575+00:00,400,23.71,
2026-08-30T00:50:06.099239+00:00,400,20.24,
2026-08-30T00:50:06.114359+00:00,400,24.25,
2026-08-30T00:50:06.129506+00:00,400,21.13,
2026-08-30T00:50:06.144959+00:00,400,20.4,
2026-08-30T00:50:06.160765+00:00,400,23.53,
2026-08-30T00:50:06.176287+00:00,400,21.23,
2026-08-30T00:50:06.192250+00:00,400,22.35,
2026-08-30T00:50:06.207236+00:00,400,20.43,
2026-08-30T00:50:06.222805+00:00,400,20.48,
2026-08-30T00:50:06.238614+00:00,400,20.14,
2026-08-30T00:50:06.254359+00:00,400,20.48,
2026-08-30T00:50:06.269960+00:00,400,20.05,
2026-08-30T00:50:06.285101+00:00,400,20.02,
2026-08-30T00:50:06.300355+00:00,400,19.87,
2026-08-30T00:50:06.315306+00:00,400,19.83,
2026-08-30T00:50:06.330389+00:00,400,20.1,
2026-08-30T00:50:06.346056+00:00,400,20.8,
2026-08-30T00:50:06.360719+00:00,400,20.54,
2026-08-30T00:50:06.376422+00:00,400,20.38,
2026-08-30T00:50:06.391731+00:00,400,22.78,
2026-08-30T00:50:06.406746+00:00,400,22.66,
2026-08-30T00:50:06.422829+00:00,400,23.53,
2026-08-30T00:50:06.438192+00:00,400,20.76,
2026-08-30T00:50:06.453836+00:00,400,20.91,
2026-08-30T00:50:06.469708+00:00,400,23.58,
2026-08-30T00:50:06.485534+00:00,400,24.93,
2026-08-30T00:50:06.500657+00:00,400,19.78,
2026-08-30T00:50:06.515312+00:00,400,19.8,
2026-08-30T00:50:06.530336+00:00,400,19.6,
2026-08-30T00:50:06.545171+00:00,400,20.65,
2026-08-30T00:50:06.561048+00:00,400,22.56,
2026-08-30T00:50:06.576075+00:00,400,19.82,
2026-08-30T00:50:06.591360+00:00,400,21.92,
2026-08-30T00:50:06.607442+00:00,400,23.47,
2026-08-30T00:50:06.622934+00:00,400,20.43,
2026-08-30T00:50:06.638474+00:00,400,23.04,
2026-08-30T00:50:06.653380+00:00,400,19.91,
2026-08-30T00:50:06.668615+00:00,400,20.96,
2026-08-30T00:50:06.684286+00:00,400,20.86,
2026-08-30T00:50:06.699594+00:00,400,23.15,
2026-08-30T00:50:06.715129+00:00,400,20.59,
2026-08-30T00:50:06.730699+00:00,400,21.39,
2026-08-30T00:50:06.746362+00:00,400,22.84,
2026-08-30T00:50:06.761913+00:00,400,20.88,
2026-08-30T00:50:06.777825+00:00,400,21.26,
2026-08-30T00:50:06.794088+00:00,400,23.51,
2026-08-30T00:50:06.809272+00:00,400,21.15,
2026-08-30T00:50:06.824661+00:00,400,23.96,
2026-08-30T00:50:06.840643+00:00,400,21.2,
2026-08-30T00:50:06.856146+00:00,400,23.32,
2026-08-30T00:50:06.871229+00:00,400,20.56,
2026-08-30T00:50:06.886612+00:00,400,22.39,
2026-08-30T00:50:06.901245+00:00,400,20.56,
2026-08-30T00:50:06.916454+00:00,400,24.97,
2026-08-30T00:50:06.931497+00:00,400,20.46,
2026-08-30T00:50:06.946642+00:00,400,22.72,
2026-08-30T00:50:06.961517+00:00,400,21.1,
2026-08-30T00:50:06.977341+00:00,400,22.69,
2026-08-30T00:50:06.992489+00:00,400,20.59,
2026-08-30T00:50:07.007969+00:00,400,20.54,
2026-08-30T00:50:07.023426+00:00,400,19.8,
2026-08-30T00:50:07.038491+00:00,400,20.59,
2026-08-30T00:50:07.054150+00:00,400,20.72,
2026-08-30T00:50:07.069818+00:00,400,21.08,
2026-08-30T00:50:07.085602+00:00,400,23.65,
2026-08-30T00:50:07.101017+00:00,400,20.49,
2026-08-30T00:50:07.116331+00:00,400,23.33,
2026-08-30T00:50:07.131805+00:00,400,20.02,
2026-08-30T00:50:07.147208+00:00,400,23.27,
2026-08-30T00:50:07.162653+00:00,400,20.49,
2026-08-30T00:50:07.178472+00:00,400,20.42,
2026-08-30T00:50:07.194125+00:00,400,20.9,
2026-08-30T00:50:07.210132+00:00,400,20.29,
2026-08-30T00:50:07.225443+00:00,400,20.71,
2026-08-30T00:50:07.241195+00:00,400,20.59,
2026-08-30T00:50:07.256712+00:00,400,20.55,
2026-08-30T00:50:07.272556+00:00,400,22.63,
2026-08-30T00:50:07.287800+00:00,400,21.2,
2026-08-30T00:50:07.303918+00:00,400,22.29,
2026-08-30T00:50:07.319042+00:00,400,20.12,
2026-08-30T00:50:07.334224+00:00,400,20.07,
2026-08-30T00:50:07.349169+00:00,400,23.76,
2026-08-30T00:50:07.364763+00:00,400,19.73,
2026-08-30T00:50:07.379768+00:00,400,20.57,
2026-08-30T00:50:07.395350+00:00,400,22.5,
2026-08-30T00:50:07.410527+00:00,400,21.82,
2026-08-30T00:50:07.426048+00:00,400,23.76,
2026-08-30T00:50:07.442255+00:00,400,20.41,
2026-08-30T00:50:07.457819+00:00,400,20.63,
2026-08-30T00:50:07.473841+00:00,400,23.55,
2026-08-30T00:50:07.489463+00:00,400,24.27,
2026-08-30T00:50:07.504630+00:00,400,20.54,
2026-08-30T00:50:07.519879+00:00,400,23.93,
2026-08-30T00:50:07.535408+00:00,400,20.02,
2026-08-30T00:50:07.550272+00:00,400,24.15,
2026-08-30T00:50:07.566316+00:00,400,21.13,
2026-08-30T00:50:07.582664+00:00,400,20.87,
2026-08-30T00:50:07.598151+00:00,400,23.7,
2026-08-30T00:50:07.613907+00:00,400,21.44,
2026-08-30T00:50:07.629988+00:00,400,20.55,
2026-08-30T00:50:07.645204+00:00,400,24.07,
2026-08-30T00:50:07.660798+00:00,400,21.83,
2026-08-30T00:50:07.676271+00:00,400,20.97,
2026-08-30T00:50:07.691687+00:00,400,23.18,
2026-08-30T00:50:07.706372+00:00,400,21.77,
2026-08-30T00:50:07.722457+00:00,400,23.29,
2026-08-30T00:50:07.737731+00:00,400,22.49,
2026-08-30T00:50:07.753723+00:00,400,20.73,
2026-08-30T00:50:07.769286+00:00,400,20.2,
2026-08-30T00:50:07.784707+00:00,400,20.5,
2026-08-30T00:50:07.800690+00:00,400,20.78,
2026-08-30T00:50:07.816275+00:00,400,19.52,
2026-08-30T00:50:07.831333+00:00,400,19.68,
2026-08-30T00:50:07.846395+00:00,400,20.28,
2026-08-30T00:50:07.862124+00:00,400,20.0,
2026-08-30T00:50:07.877556+00:00,400,21.36,
2026-08-30T00:50:07.893778+00:00,400,20.19,
2026-08-30T00:50:07.909336+00:00,400,20.3,
2026-08-30T00:50:07.924971+00:00,400,20.01,
2026-08-30T00:50:07.940663+00:00,400,22.01,
2026-08-30T00:50:07.955471+00:00,400,20.01,
2026-08-30T00:50:07.970677+00:00,400,23.36,
2026-08-30T00:50:07.986347+00:00,400,20.12,
2026-08-30T00:50:08.001982+00:00,400,21.28,
2026-08-30T00:50:08.018042+00:00,400,23.31,
2026-08-30T00:50:08.033950+00:00,400,20.85,
2026-08-30T00:50:08.049478+00:00,400,21.16,
2026-08-30T00:50:08.065507+00:00,400,22.73,
2026-08-30T00:50:08.081184+00:00,400,19.85,
2026-08-30T00:50:08.096465+00:00,400,22.33,
2026-08-30T00:50:08.111818+00:00,400,19.19,
2026-08-30T00:50:08.126564+00:00,400,22.32,
2026-08-30T00:50:08.141528+00:00,400,21.02,
2026-08-30T00:50:08.157145+00:00,400,23.21,
2026-08-30T00:50:08.172401+00:00,400,20.76,
2026-08-30T00:50:08.187974+00:00,400,21.63,
2026-08-30T00:50:08.203473+00:00,400,19.94,
2026-08-30T00:50:08.219150+00:00,400,21.22,
2026-08-30T00:50:08.234119+00:00,400,20.9,
2026-08-30T00:50:08.249985+00:00,400,23.87,
2026-08-30T00:50:08.265501+00:00,400,19.97,
2026-08-30T00:50:08.281050+00:00,400,21.13,
2026-08-30T00:50:08.297170+00:00,400,20.85,
2026-08-30T00:50:08.313150+00:00,400,20.16,
2026-08-30T00:50:08.328294+00:00,400,22.28,
2026-08-30T00:50:08.343430+00:00,400,20.12,
2026-08-30T00:50:08.359235+00:00,400,21.78,
2026-08-30T00:50:08.374114+00:00,400,20.97,
2026-08-30T00:50:08.389996+00:00,400,20.01,
2026-08-30T00:50:08.405379+00:00,400,20.39,
2026-08-30T00:50:08.421120+00:00,400,20.29,
2026-08-30T00:50:08.436420+00:00,400,20.46,
2026-08-30T00:50:08.452174+00:00,400,21.53,
2026-08-30T00:50:08.467102+00:00,400,20.43,
2026-08-30T00:50:08.482417+00:00,400,21.94,
2026-08-30T00:50:08.497292+00:00,400,19.58,
2026-08-30T00:50:08.512283+00:00,400,19.65,
2026-08-30T00:50:08.527427+00:00,400,20.41,
2026-08-30T00:50:08.542906+00:00,400,20.18,
2026-08-30T00:50:08.558724+00:00,400,20.08,
2026-08-30T00:50:08.574156+00:00,400,21.91,
2026-08-30T00:50:08.589275+00:00,400,20.48,
2026-08-30T00:50:08.604499+00:00,400,23.63,
2026-08-30T00:50:08.619859+00:00,400,22.06,
2026-08-30T00:50:08.636479+00:00,400,22.91,
2026-08-30T00:50:08.651683+00:00,400,21.83,
2026-08-30T00:50:08.667567+00:00,400,23.28,
2026-08-30T00:50:08.682300+00:00,400,19.85,
2026-08-30T00:50:08.697304+00:00,400,21.45,
2026-08-30T00:50:08.713307+00:00,400,20.39,
2026-08-30T00:50:08.728802+00:00,400,19.9,
2026-08-30T00:50:08.744037+00:00,400,22.74,
2026-08-30T00:50:08.758742+00:00,400,20.32,
2026-08-30T00:50:08.774478+00:00,400,21.59,
2026-08-30T00:50:08.790039+00:00,400,21.66,
2026-08-30T00:50:08.806826+00:00,400,22.49,
2026-08-30T00:50:08.821975+00:00,400,20.04,
2026-08-30T00:50:08.837375+00:00,400,21.12,
2026-08-30T00:50:08.853084+00:00,400,19.79,
2026-08-30T00:50:08.868146+00:00,400,20.68,
2026-08-30T00:50:08.883849+00:00,400,23.32,
2026-08-30T00:50:08.899466+00:00,400,20.65,
2026-08-30T00:50:08.914218+00:00,400,22.47,
2026-08-30T00:50:08.930394+00:00,400,23.17,
2026-08-30T00:50:08.945483+00:00,400,19.96,
2026-08-30T00:50:08.960759+00:00,400,21.65,
2026-08-30T00:50:08.976533+00:00,400,23.79,
2026-08-30T00:50:08.991856+00:00,400,20.38,
2026-08-30T00:50:09.007403+00:00,400,21.85,
2026-08-30T00:50:09.022535+00:00,400,20.42,
2026-08-30T00:50:09.037879+00:00,400,23.39,
2026-08-30T00:50:09.053451+00:00,400,20.7,
2026-08-30T00:50:09.068474+00:00,400,21.98,
2026-08-30T00:50:09.084519+00:00,400,23.3,
2026-08-30T00:50:09.099645+00:00,400,22.03,
2026-08-30T00:50:09.116211+00:00,400,21.33,
2026-08-30T00:50:09.131794+00:00,400,22.8,
2026-08-30T00:50:09.147170+00:00,400,20.32,
2026-08-30T00:50:09.162576+00:00,400,21.93,
2026-08-30T00:50:09.178800+00:00,400,25.39,
2026-08-30T00:50:09.194089+00:00,400,20.86,
2026-08-30T00:50:09.210190+00:00,400,22.25,
2026-08-30T00:50:09.226165+00:00,400,23.12,
2026-08-30T00:50:09.241583+00:00,400,19.93,
2026-08-30T00:50:09.256370+00:00,400,22.39,
2026-08-30T00:50:09.271084+00:00,400,20.72,
2026-08-30T00:50:09.286804+00:00,400,20.46,
2026-08-30T00:50:09.302181+00:00,400,21.29,
2026-08-30T00:50:09.317996+00:00,400,22.77,
2026-08-30T00:50:09.333110+00:00,400,19.94,
2026-08-30T00:50:09.348495+00:00,400,19.95,
2026-08-30T00:50:09.363795+00:00,400,20.39,
2026-08-30T00:50:09.379525+00:00,400,20.38,
2026-08-30T00:50:09.395014+00:00,400,20.29,
2026-08-30T00:50:09.410516+00:00,400,20.49,
2026-08-30T00:50:09.425661+00:00,400,22.61,
2026-08-30T00:50:09.440549+00:00,400,20.87,
2026-08-30T00:50:09.456522+00:00,400,19.84,
2026-08-30T00:50:09.471538+00:00,400,20.01,
2026-08-30T00:50:09.486749+00:00,400,22.69,
2026-08-30T00:50:09.501377+00:00,400,19.99,
2026-08-30T00:50:09.516410+00:00,400,22.77,
2026-08-30T00:50:09.531487+00:00,400,19.22,
2026-08-30T00:50:09.546328+00:00,400,19.68,
2026-08-30T00:50:09.561667+00:00,400,20.61,
2026-08-30T00:50:09.577471+00:00,400,22.44,
2026-08-30T00:50:09.592439+00:00,400,19.67,
2026-08-30T00:50:09.607510+00:00,400,20.24,
2026-08-30T00:50:09.622951+00:00,400,20.92,
2026-08-30T00:50:09.638736+00:00,400,22.97,
2026-08-30T00:50:09.653851+00:00,400,20.57,
2026-08-30T00:50:09.669747+00:00,400,21.42,
2026-08-30T00:50:09.686421+00:00,400,21.16,
2026-08-30T00:50:09.701401+00:00,400,19.54,
2026-08-30T00:50:09.716202+00:00,400,20.04,
2026-08-30T00:50:09.731665+00:00,400,22.21,
2026-08-30T00:50:09.747569+00:00,400,22.41,
2026-08-30T00:50:09.762871+00:00,400,25.03,
2026-08-30T00:50:09.778111+00:00,400,22.46,
2026-08-30T00:50:09.793504+00:00,400,19.43,
2026-08-30T00:50:09.808807+00:00,400,19.95,
2026-08-30T00:50:09.824094+00:00,400,19.9,
2026-08-30T00:50:09.839390+00:00,400,19.81,
2026-08-30T00:50:09.854579+00:00,400,21.76,
2026-08-30T00:50:09.869347+00:00,400,20.12,
2026-08-30T00:50:09.884934+00:00,400,20.13,
2026-08-30T00:50:09.900352+00:00,400,20.94,
2026-08-30T00:50:09.916433+00:00,400,19.66,
2026-08-30T00:50:09.932074+00:00,400,19.35,
2026-08-30T00:50:09.947286+00:00,400,20.47,
2026-08-30T00:50:09.963167+00:00,400,19.82,
2026-08-30T00:50:09.978508+00:00,400,23.35,
2026-08-30T00:50:09.993865+00:00,400,20.03,
2026-08-30T00:50:10.009494+00:00,400,20.95,
2026-08-30T00:50:10.025246+00:00,400,22.1,
2026-08-30T00:50:10.040489+00:00,400,20.14,
2026-08-30T00:50:10.056290+00:00,400,20.3,
2026-08-30T00:50:10.072172+00:00,400,20.77,
2026-08-30T00:50:10.087399+00:00,400,22.48,
2026-08-30T00:50:10.102918+00:00,400,20.27,
2026-08-30T00:50:10.118804+00:00,400,20.51,
2026-08-30T00:50:10.134335+00:00,400,24.7,
2026-08-30T00:50:10.150032+00:00,400,20.59,
2026-08-30T00:50:10.165457+00:00,400,23.34,
2026-08-30T00:50:10.181110+00:00,400,20.41,
2026-08-30T00:50:10.196293+00:00,400,20.21,
2026-08-30T00:50:10.211811+00:00,400,21.83,
2026-08-30T00:50:10.227988+00:00,400,20.88,
2026-08-30T00:50:10.243853+00:00,400,20.15,
2026-08-30T00:50:10.259562+00:00,400,20.88,
2026-08-30T00:50:10.275576+00:00,400,20.41,
2026-08-30T00:50:10.290595+00:00,400,20.56,
2026-08-30T00:50:10.306319+00:00,400,21.27,
2026-08-30T00:50:10.322001+00:00,400,21.06,
2026-08-30T00:50:10.337875+00:00,400,22.45,
2026-08-30T00:50:10.353127+00:00,400,21.21,
2026-08-30T00:50:10.368859+00:00,400,23.2,
2026-08-30T00:50:10.384026+00:00,400,20.9,
2026-08-30T00:50:10.399781+00:00,400,22.17,
2026-08-30T00:50:10.414655+00:00,400,20.79,
2026-08-30T00:50:10.429959+00:00,400,24.59,
2026-08-30T00:50:10.446390+00:00,400,20.85,
2026-08-30T00:50:10.461527+00:00,400,21.45,
2026-08-30T00:50:10.477653+00:00,400,20.65,
2026-08-30T00:50:10.492927+00:00,400,23.78,
2026-08-30T00:50:10.508802+00:00,400,20.89,
2026-08-30T00:50:10.523845+00:00,400,24.19,
2026-08-30T00:50:10.539400+00:00,400,20.39,
2026-08-30T00:50:10.554465+00:00,400,21.28,
2026-08-30T00:50:10.570620+00:00,400,21.17,
2026-08-30T00:50:10.586293+00:00,400,24.18,
2026-08-30T00:50:10.601992+00:00,400,20.26,
2026-08-30T00:50:10.617235+00:00,400,20.6,
2026-08-30T00:50:10.633044+00:00,400,21.06,
2026-08-30T00:50:10.648810+00:00,400,21.74,
2026-08-30T00:50:10.664938+00:00,400,20.78,
2026-08-30T00:50:10.680483+00:00,400,20.68,
2026-08-30T00:50:10.696500+00:00,400,20.09,
2026-08-30T00:50:10.711640+00:00,400,19.99,
2026-08-30T00:50:10.726617+00:00,400,22.99,
2026-08-30T00:50:10.741604+00:00,400,21.98,
2026-08-30T00:50:10.758031+00:00,400,23.35,
2026-08-30T00:50:10.773020+00:00,400,20.46,
2026-08-30T00:50:10.788038+00:00,400,25.48,
2026-08-30T00:50:10.804062+00:00,400,20.61,
2026-08-30T00:50:10.819151+00:00,400,21.29,
2026-08-30T00:50:10.834714+00:00,400,23.01,
2026-08-30T00:50:10.849451+00:00,400,21.18,
2026-08-30T00:50:10.864727+00:00,400,21.84,
2026-08-30T00:50:10.880554+00:00,400,25.2,
2026-08-30T00:50:10.896164+00:00,400,20.62,
2026-08-30T00:50:10.911807+00:00,400,23.44,
2026-08-30T00:50:10.927161+00:00,400,20.49,
2026-08-30T00:50:10.942650+00:00,400,22.8,
2026-08-30T00:50:10.957756+00:00,400,20.79,
2026-08-30T00:50:10.974033+00:00,400,20.5,
2026-08-30T00:50:10.989893+00:00,400,21.59,
2026-08-30T00:50:11.006448+00:00,400,22.66,
2026-08-30T00:50:11.021617+00:00,400,20.46,
2026-08-30T00:50:11.037222+00:00,400,21.31,
2026-08-30T00:50:11.053032+00:00,400,22.32,
2026-08-30T00:50:11.068178+00:00,400,23.01,
2026-08-30T00:50:11.084436+00:00,400,23.26,
2026-08-30T00:50:11.099646+00:00,400,19.89,
2026-08-30T00:50:11.115068+00:00,400,19.93,
2026-08-30T00:50:11.130379+00:00,400,19.93,
2026-08-30T00:50:11.145625+00:00,400,22.6,
2026-08-30T00:50:11.160876+00:00,400,20.59,
2026-08-30T00:50:11.176238+00:00,400,22.55,
2026-08-30T00:50:11.191407+00:00,400,19.74,
2026-08-30T00:50:11.206396+00:00,400,20.36,
2026-08-30T00:50:11.221723+00:00,400,20.36,
2026-08-30T00:50:11.237676+00:00,400,20.32,
2026-08-30T00:50:11.253844+00:00,400,19.92,
2026-08-30T00:50:11.269395+00:00,400,19.68,
2026-08-30T00:50:11.284393+00:00,400,19.51,
2026-08-30T00:50:11.299685+00:00,400,20.77,
2026-08-30T00:50:11.315504+00:00,400,21.68,
2026-08-30T00:50:11.330400+00:00,400,20.46,
2026-08-30T00:50:11.345851+00:00,400,20.21,
2026-08-30T00:50:11.361813+00:00,400,20.1,
2026-08-30T00:50:11.377567+00:00,400,19.32,
2026-08-30T00:50:11.392318+00:00,400,22.03,
2026-08-30T00:50:11.407301+00:00,400,19.7,
2026-08-30T00:50:11.422304+00:00,400,21.58,
2026-08-30T00:50:11.437469+00:00,400,24.26,
2026-08-30T00:50:11.453500+00:00,400,22.27,
2026-08-30T00:50:11.468091+00:00,400,20.43,
2026-08-30T00:50:11.483035+00:00,400,20.29,
2026-08-30T00:50:11.498784+00:00,400,20.32,
2026-08-30T00:50:11.514554+00:00,400,19.84,
2026-08-30T00:50:11.529490+00:00,400,23.38,
2026-08-30T00:50:11.545408+00:00,400,18.96,
2026-08-30T00:50:11.559830+00:00,400,20.06,
2026-08-30T00:50:11.575402+00:00,400,19.58,
2026-08-30T00:50:11.590573+00:00,400,20.48,
2026-08-30T00:50:11.605688+00:00,400,24.29,
2026-08-30T00:50:11.621375+00:00,400,19.63,
2026-08-30T00:50:11.636439+00:00,400,21.85,
2026-08-30T00:50:11.651611+00:00,400,19.51,
2026-08-30T00:50:11.666652+00:00,400,20.5,
2026-08-30T00:50:11.681554+00:00,400,19.78,
2026-08-30T00:50:11.696919+00:00,400,20.19,
2026-08-30T00:50:11.712113+00:00,400,21.91,
2026-08-30T00:50:11.727470+00:00,400,21.29,
2026-08-30T00:50:11.743942+00:00,400,18.98,
2026-08-30T00:50:11.758441+00:00,400,20.33,
2026-08-30T00:50:11.773884+00:00,400,20.9,
2026-08-30T00:50:11.789777+00:00,400,20.22,
2026-08-30T00:50:11.805009+00:00,400,23.73,
2026-08-30T00:50:11.820588+00:00,400,19.49,
2026-08-30T00:50:11.835263+00:00,400,20.28,
2026-08-30T00:50:11.850728+00:00,400,23.53,
2026-08-30T00:50:11.866358+00:00,400,19.98,
2026-08-30T00:50:11.881698+00:00,400,19.7,
2026-08-30T00:50:11.897228+00:00,400,20.02,
2026-08-30T00:50:11.912261+00:00,400,20.6,
2026-08-30T00:50:11.928115+00:00,400,19.86,
2026-08-30T00:50:11.943422+00:00,400,20.65,
2026-08-30T00:50:11.959833+00:00,400,19.66,
2026-08-30T00:50:11.975296+00:00,400,22.11,
2026-08-30T00:50:11.990007+00:00,400,19.54,
2026-08-30T00:50:12.004912+00:00,400,21.51,
2026-08-30T00:50:12.020855+00:00,400,23.02,
2026-08-30T00:50:12.036295+00:00,400,21.2,
2026-08-30T00:50:12.051275+00:00,400,19.94,
2026-08-30T00:50:12.066375+00:00,400,23.07,
2026-08-30T00:50:12.081373+00:00,400,20.53,
2026-08-30T00:50:12.096217+00:00,400,24.57,
2026-08-30T00:50:12.111049+00:00,400,20.74,
2026-08-30T00:50:12.126990+00:00,400,23.89,
2026-08-30T00:50:12.142463+00:00,400,20.37,
2026-08-30T00:50:12.157721+00:00,400,20.78,
2026-08-30T00:50:12.173474+00:00,400,22.61,
2026-08-30T00:50:12.189537+00:00,400,23.81,
2026-08-30T00:50:12.205196+00:00,400,21.23,
2026-08-30T00:50:12.220732+00:00,400,23.31,
2026-08-30T00:50:12.236443+00:00,400,20.08,
2026-08-30T00:50:12.251933+00:00,400,21.24,
2026-08-30T00:50:12.267925+00:00,400,24.63,
2026-08-30T00:50:12.283038+00:00,400,25.13,
2026-08-30T00:50:12.298949+00:00,400,25.24,
2026-08-30T00:50:12.314226+00:00,400,21.71,
2026-08-30T00:50:12.329767+00:00,400,25.63,
2026-08-30T00:50:12.346218+00:00,400,20.01,
2026-08-30T00:50:12.361456+00:00,400,23.72,
2026-08-30T00:50:12.376437+00:00,400,22.18,
2026-08-30T00:50:12.391737+00:00,400,24.53,
2026-08-30T00:50:12.406736+00:00,400,20.52,
2026-08-30T00:50:12.422131+00:00,400,24.01,
2026-08-30T00:50:12.437364+00:00,400,20.27,
2026-08-30T00:50:12.452266+00:00,400,25.73,
2026-08-30T00:50:12.467493+00:00,400,22.2,
2026-08-30T00:50:12.482998+00:00,400,23.79,
2026-08-30T00:50:12.498396+00:00,400,20.7,
2026-08-30T00:50:12.513766+00:00,400,20.28,
2026-08-30T00:50:12.529318+00:00,400,23.19,
2026-08-30T00:50:12.544634+00:00,400,19.41,
2026-08-30T00:50:12.559465+00:00,400,23.0,
2026-08-30T00:50:12.574879+00:00,400,20.34,
2026-08-30T00:50:12.590827+00:00,400,20.1,
2026-08-30T00:50:12.606260+00:00,400,23.22,
2026-08-30T00:50:12.621527+00:00,400,19.41,
2026-08-30T00:50:12.636266+00:00,400,20.39,
2026-08-30T00:50:12.651852+00:00,400,21.08,
2026-08-30T00:50:12.667740+00:00,400,19.23,
2026-08-30T00:50:12.682157+00:00,400,20.87,
2026-08-30T00:50:12.697327+00:00,400,22.66,
2026-08-30T00:50:12.712208+00:00,400,20.67,
2026-08-30T00:50:12.727949+00:00,400,20.98,
2026-08-30T00:50:12.744219+00:00,400,20.18,
2026-08-30T00:50:12.759802+00:00,400,20.9,
2026-08-30T00:50:12.775405+00:00,400,20.36,
2026-08-30T00:50:12.791010+00:00,400,20.15,
2026-08-30T00:50:12.806351+00:00,400,19.11,
2026-08-30T00:50:12.821208+00:00,400,22.9,
2026-08-30T00:50:12.836243+00:00,400,19.64,
2026-08-30T00:50:12.851135+00:00,400,19.84,
2026-08-30T00:50:12.866195+00:00,400,24.73,
2026-08-30T00:50:12.881294+00:00,400,20.66,
2026-08-30T00:50:12.896202+00:00,400,20.61,
2026-08-30T00:50:12.911857+00:00,400,23.97,
2026-08-30T00:50:12.927495+00:00,400,21.47,
2026-08-30T00:50:12.943871+00:00,400,23.33,
2026-08-30T00:50:12.958878+00:00,400,19.76,
2026-08-30T00:50:12.973714+00:00,400,21.38,
2026-08-30T00:50:12.989492+00:00,400,22.14,
2026-08-30T00:50:13.004441+00:00,400,19.96,
2026-08-30T00:50:13.020109+00:00,400,21.24,
2026-08-30T00:50:13.036303+00:00,400,20.85,
2026-08-30T00:50:13.052010+00:00,400,22.7,
2026-08-30T00:50:13.067314+00:00,400,19.23,
2026-08-30T00:50:13.082172+00:00,400,20.25,
2026-08-30T00:50:13.097929+00:00,400,21.01,
2026-08-30T00:50:13.113829+00:00,400,20.5,
2026-08-30T00:50:13.129373+00:00,400,20.34,
2026-08-30T00:50:13.145023+00:00,400,20.06,
2026-08-30T00:50:13.160732+00:00,400,20.68,
2026-08-30T00:50:13.176306+00:00,400,22.61,
2026-08-30T00:50:13.190999+00:00,400,20.46,
2026-08-30T00:50:13.206413+00:00,400,22.32,
2026-08-30T00:50:13.221346+00:00,400,20.18,
2026-08-30T00:50:13.236282+00:00,400,19.67,
2026-08-30T00:50:13.251394+00:00,400,22.93,
2026-08-30T00:50:13.266411+00:00,400,19.67,
2026-08-30T00:50:13.281479+00:00,400,20.92,
2026-08-30T00:50:13.297307+00:00,400,22.16,
2026-08-30T00:50:13.313138+00:00,400,20.26,
2026-08-30T00:50:13.328567+00:00,400,21.13,
2026-08-30T00:50:13.344408+00:00,400,21.63,
2026-08-30T00:50:13.359340+00:00,400,21.11,
2026-08-30T00:50:13.374884+00:00,400,23.62,
2026-08-30T00:50:13.390563+00:00,400,21.53,
2026-08-30T00:50:13.406520+00:00,400,20.55,
2026-08-30T00:50:13.422193+00:00,400,23.53,
2026-08-30T00:50:13.437346+00:00,400,21.81,
2026-08-30T00:50:13.452381+00:00,400,23.75,
2026-08-30T00:50:13.467509+00:00,400,21.28,
2026-08-30T00:50:13.483578+00:00,400,21.41,
2026-08-30T00:50:13.498756+00:00,400,20.05,
2026-08-30T00:50:13.514209+00:00,400,20.03,
2026-08-30T00:50:13.529365+00:00,400,22.15,
2026-08-30T00:50:13.544358+00:00,400,20.13,
2026-08-30T00:50:13.559845+00:00,400,20.79,
2026-08-30T00:50:13.575466+00:00,400,23.14,
2026-08-30T00:50:13.590945+00:00,400,19.13,
2026-08-30T00:50:13.605761+00:00,400,20.15,
2026-08-30T00:50:13.621179+00:00,400,24.31,
2026-08-30T00:50:13.636327+00:00,400,20.39,
2026-08-30T00:50:13.651319+00:00,400,22.41,
2026-08-30T00:50:13.666440+00:00,400,21.35,
2026-08-30T00:50:13.682628+00:00,400,37.67,
2026-08-30T00:50:13.698345+00:00,400,35.77,
2026-08-30T00:50:13.720337+00:00,400,20.92,
2026-08-30T00:50:13.734147+00:00,400,30.86,
2026-08-30T00:50:13.759214+00:00,400,23.55,
2026-08-30T00:50:13.774637+00:00,400,21.13,
2026-08-30T00:50:13.790383+00:00,400,21.08,
2026-08-30T00:50:13.806490+00:00,400,23.56,
2026-08-30T00:50:13.821867+00:00,400,20.73,
2026-08-30T00:50:13.837287+00:00,400,20.82,
2026-08-30T00:50:13.852705+00:00,400,24.31,
2026-08-30T00:50:13.868962+00:00,400,19.65,
2026-08-30T00:50:13.883643+00:00,400,23.75,
2026-08-30T00:50:13.898762+00:00,400,19.99,
2026-08-30T00:50:13.913865+00:00,400,20.63,
2026-08-30T00:50:13.929911+00:00,400,22.89,
2026-08-30T00:50:13.945278+00:00,400,20.05,
2026-08-30T00:50:13.960504+00:00,400,20.51,
2026-08-30T00:50:13.976141+00:00,400,21.47,
2026-08-30T00:50:13.991697+00:00,400,22.2,
2026-08-30T00:50:14.006756+00:00,400,20.98,
2026-08-30T00:50:14.022972+00:00,400,20.7,
2026-08-30T00:50:14.038441+00:00,400,23.52,
2026-08-30T00:50:14.053635+00:00,400,21.22,
2026-08-30T00:50:14.069543+00:00,400,20.96,
2026-08-30T00:50:14.085579+00:00,400,22.99,
2026-08-30T00:50:14.100989+00:00,400,21.79,
2026-08-30T00:50:14.116489+00:00,400,23.86,
2026-08-30T00:50:14.131954+00:00,400,20.93,
2026-08-30T00:50:14.147779+00:00,400,23.03,
2026-08-30T00:50:14.162934+00:00,400,20.84,
2026-08-30T00:50:14.178062+00:00,400,25.01,
2026-08-30T00:50:14.193515+00:00,400,20.85,
2026-08-30T00:50:14.209026+00:00,400,23.75,
2026-08-30T00:50:14.224285+00:00,400,20.52,
2026-08-30T00:50:14.239829+00:00,400,23.19,
2026-08-30T00:50:14.255456+00:00,400,20.02,
2026-08-30T00:50:14.270093+00:00,400,20.64,
2026-08-30T00:50:14.286417+00:00,400,20.03,
2026-08-30T00:50:14.301806+00:00,400,20.77,
2026-08-30T00:50:14.317832+00:00,400,20.42,
2026-08-30T00:50:14.333636+00:00,400,20.09,
2026-08-30T00:50:14.348995+00:00,400,21.43,
2026-08-30T00:50:14.364884+00:00,400,23.57,
2026-08-30T00:50:14.380366+00:00,400,20.6,
2026-08-30T00:50:14.395319+00:00,400,25.6,
2026-08-30T00:50:14.410453+00:00,400,21.27,
2026-08-30T00:50:14.426706+00:00,400,20.03,
2026-08-30T00:50:14.442040+00:00,400,21.3,
2026-08-30T00:50:14.458444+00:00,400,26.75,
2026-08-30T00:50:14.474095+00:00,400,36.77,
2026-08-30T00:50:14.504961+00:00,400,23.26,
2026-08-30T00:50:14.485307+00:00,400,44.78,
2026-08-30T00:50:14.520616+00:00,400,19.35,
2026-08-30T00:50:14.535498+00:00,400,21.21,
2026-08-30T00:50:14.551742+00:00,400,23.32,
2026-08-30T00:50:14.567630+00:00,400,20.42,
2026-08-30T00:50:14.582375+00:00,400,22.26,
2026-08-30T00:50:14.597472+00:00,400,21.13,
2026-08-30T00:50:14.613265+00:00,400,22.66,
2026-08-30T00:50:14.628124+00:00,400,21.21,
2026-08-30T00:50:14.643541+00:00,400,21.81,
2026-08-30T00:50:14.658354+00:00,400,20.24,
2026-08-30T00:50:14.674204+00:00,400,20.77,
2026-08-30T00:50:14.690302+00:00,400,20.79,
2026-08-30T00:50:14.706531+00:00,400,20.22,
2026-08-30T00:50:14.722119+00:00,400,20.55,
2026-08-30T00:50:14.737640+00:00,400,20.33,
2026-08-30T00:50:14.753479+00:00,400,21.27,
2026-08-30T00:50:14.768277+00:00,400,20.91,
2026-08-30T00:50:14.784260+00:00,400,21.87,
2026-08-30T00:50:14.799154+00:00,400,23.27,
2026-08-30T00:50:14.829785+00:00,400,20.9,
2026-08-30T00:50:14.814384+00:00,400,37.0,
2026-08-30T00:50:14.859048+00:00,400,21.67,
2026-08-30T00:50:14.844621+00:00,400,36.8,
2026-08-30T00:50:14.874216+00:00,400,22.58,
2026-08-30T00:50:14.889572+00:00,400,19.59,
2026-08-30T00:50:14.904852+00:00,400,20.64,
2026-08-30T00:50:14.920314+00:00,400,20.84,
2026-08-30T00:50:14.936321+00:00,400,19.84,
2026-08-30T00:50:14.951373+00:00,400,22.14,
2026-08-30T00:50:14.966531+00:00,400,19.93,
2026-08-30T00:50:14.981511+00:00,400,20.72,
2026-08-30T00:50:14.997471+00:00,400,21.96,
2026-08-30T00:50:15.013441+00:00,400,19.85,
2026-08-30T00:50:15.028671+00:00,400,22.29,
2026-08-30T00:50:15.044372+00:00,400,23.37,
2026-08-30T00:50:15.059688+00:00,400,20.94,
2026-08-30T00:50:15.075745+00:00,400,20.91,
2026-08-30T00:50:15.091718+00:00,400,22.67,
2026-08-30T00:50:15.106567+00:00,400,21.33,
2026-08-30T00:50:15.122133+00:00,400,23.03,
2026-08-30T00:50:15.137314+00:00,400,22.34,
2026-08-30T00:50:15.153406+00:00,400,22.91,
2026-08-30T00:50:15.168437+00:00,400,20.57,
2026-08-30T00:50:15.183760+00:00,400,21.15,
2026-08-30T00:50:15.199704+00:00,400,20.32,
2026-08-30T00:50:15.215443+00:00,400,21.76,
2026-08-30T00:50:15.230549+00:00,400,22.84,
2026-08-30T00:50:15.246569+00:00,400,27.05,
2026-08-30T00:50:15.262476+00:00,400,22.54,
2026-08-30T00:50:15.273754+00:00,400,21.13,
2026-08-30T00:50:15.285154+00:00,400,30.93,
2026-08-30T00:50:15.309670+00:00,400,24.95,
2026-08-30T00:50:15.324673+00:00,400,25.07,
2026-08-30T00:50:15.339706+00:00,400,21.58,
2026-08-30T00:50:15.355031+00:00,400,25.64,
2026-08-30T00:50:15.370526+00:00,400,22.08,
2026-08-30T00:50:15.386104+00:00,400,23.79,
2026-08-30T00:50:15.401386+00:00,400,20.32,
2026-08-30T00:50:15.416309+00:00,400,22.45,
2026-08-30T00:50:15.431481+00:00,400,25.76,
2026-08-30T00:50:15.446315+00:00,400,25.87,
2026-08-30T00:50:15.461425+00:00,400,26.12,
2026-08-30T00:50:15.476082+00:00,400,20.37,
2026-08-30T00:50:15.487713+00:00,400,27.49,
2026-08-30T00:50:15.506644+00:00,400,24.33,
2026-08-30T00:50:15.521883+00:00,400,21.63,
2026-08-30T00:50:15.537272+00:00,400,23.04,
2026-08-30T00:50:15.552322+00:00,400,20.18,
2026-08-30T00:50:15.567537+00:00,400,20.72,
2026-08-30T00:50:15.583333+00:00,400,22.75,
2026-08-30T00:50:15.598557+00:00,400,20.45,
2026-08-30T00:50:15.614193+00:00,400,21.35,
2026-08-30T00:50:15.630499+00:00,400,22.65,
2026-08-30T00:50:15.645264+00:00,400,19.93,
2026-08-30T00:50:15.660089+00:00,400,20.1,
2026-08-30T00:50:15.675202+00:00,400,20.04,
2026-08-30T00:50:15.690057+00:00,400,20.43,
2026-08-30T00:50:15.705074+00:00,400,24.02,
2026-08-30T00:50:15.720675+00:00,400,20.46,
2026-08-30T00:50:15.736286+00:00,400,21.44,
2026-08-30T00:50:15.751791+00:00,400,24.93,
2026-08-30T00:50:15.767270+00:00,400,20.5,
2026-08-30T00:50:15.782541+00:00,400,20.74,
2026-08-30T00:50:15.798617+00:00,400,20.73,
2026-08-30T00:50:15.814345+00:00,400,22.59,
2026-08-30T00:50:15.829536+00:00,400,20.11,
2026-08-30T00:50:15.844791+00:00,400,20.08,
2026-08-30T00:50:15.860020+00:00,400,20.09,
2026-08-30T00:50:15.875178+00:00,400,20.28,
2026-08-30T00:50:15.890618+00:00,400,24.18,
2026-08-30T00:50:15.906234+00:00,400,21.91,
2026-08-30T00:50:15.921838+00:00,400,25.5,
2026-08-30T00:50:15.938204+00:00,400,20.04,
2026-08-30T00:50:15.953502+00:00,400,20.93,
2026-08-30T00:50:15.969578+00:00,400,23.49,
2026-08-30T00:50:15.984798+00:00,400,20.61,
2026-08-30T00:50:15.999917+00:00,400,19.9,
2026-08-30T00:50:16.015064+00:00,400,23.23,
2026-08-30T00:50:16.030264+00:00,400,19.97,
2026-08-30T00:50:16.045074+00:00,400,24.5,
2026-08-30T00:50:16.060395+00:00,400,21.18,
2026-08-30T00:50:16.076616+00:00,400,20.23,
2026-08-30T00:50:16.092032+00:00,400,21.14,
2026-08-30T00:50:16.107794+00:00,400,23.84,
2026-08-30T00:50:16.123110+00:00,400,20.75,
2026-08-30T00:50:16.138593+00:00,400,21.6,
2026-08-30T00:50:16.154461+00:00,400,23.39,
2026-08-30T00:50:16.169829+00:00,400,22.13,
2026-08-30T00:50:16.186410+00:00,400,23.13,
2026-08-30T00:50:16.201440+00:00,400,21.04,
2026-08-30T00:50:16.217488+00:00,400,24.01,
2026-08-30T00:50:16.233252+00:00,400,20.99,
2026-08-30T00:50:16.248399+00:00,400,22.11,
2026-08-30T00:50:16.263368+00:00,400,20.77,
2026-08-30T00:50:16.278361+00:00,400,22.88,
2026-08-30T00:50:16.293687+00:00,400,19.85,
2026-08-30T00:50:16.308603+00:00,400,22.86,
2026-08-30T00:50:16.324878+00:00,400,24.09,
2026-08-30T00:50:16.340928+00:00,400,19.74,
2026-08-30T00:50:16.356156+00:00,400,20.45,
2026-08-30T00:50:16.371864+00:00,400,20.37,
2026-08-30T00:50:16.387403+00:00,400,20.13,
2026-08-30T00:50:16.402187+00:00,400,23.05,
2026-08-30T00:50:16.417203+00:00,400,19.42,
2026-08-30T00:50:16.432146+00:00,400,20.43,
2026-08-30T00:50:16.447658+00:00,400,21.28,
2026-08-30T00:50:16.463546+00:00,400,23.55,
2026-08-30T00:50:16.479246+00:00,400,22.21,
2026-08-30T00:50:16.494824+00:00,400,28.6,
2026-08-30T00:50:16.509793+00:00,400,23.07,
2026-08-30T00:50:16.523554+00:00,400,25.22,
2026-08-30T00:50:16.540514+00:00,400,22.11,
2026-08-30T00:50:16.555174+00:00,400,20.61,
2026-08-30T00:50:16.569994+00:00,400,24.21,
2026-08-30T00:50:16.585197+00:00,400,20.3,
2026-08-30T00:50:16.600826+00:00,400,20.78,
2026-08-30T00:50:16.616712+00:00,400,23.6,
2026-08-30T00:50:16.632317+00:00,400,19.61,
2026-08-30T00:50:16.647550+00:00,400,20.09,
2026-08-30T00:50:16.662752+00:00,400,20.64,
2026-08-30T00:50:16.678627+00:00,400,23.04,
2026-08-30T00:50:16.693727+00:00,400,19.74,
2026-08-30T00:50:16.708650+00:00,400,22.71,
2026-08-30T00:50:16.723794+00:00,400,21.01,
2026-08-30T00:50:16.739705+00:00,400,20.45,
2026-08-30T00:50:16.755018+00:00,400,21.49,
2026-08-30T00:50:16.770428+00:00,400,23.47,
2026-08-30T00:50:16.786855+00:00,400,20.62,
2026-08-30T00:50:16.802641+00:00,400,20.19,
2026-08-30T00:50:16.818347+00:00,400,20.94,
2026-08-30T00:50:16.834001+00:00,400,22.59,
2026-08-30T00:50:16.849566+00:00,400,21.29,
2026-08-30T00:50:16.865893+00:00,400,20.57,
2026-08-30T00:50:16.881344+00:00,400,23.3,
2026-08-30T00:50:16.896618+00:00,400,19.92,
2026-08-30T00:50:16.911426+00:00,400,21.81,
2026-08-30T00:50:16.928241+00:00,400,20.91,
2026-08-30T00:50:16.943922+00:00,400,19.91,
2026-08-30T00:50:16.959122+00:00,400,20.21,
2026-08-30T00:50:16.974218+00:00,400,23.35,
2026-08-30T00:50:16.989551+00:00,400,19.97,
2026-08-30T00:50:17.004466+00:00,400,21.11,
2026-08-30T00:50:17.020532+00:00,400,23.41,
2026-08-30T00:50:17.036269+00:00,400,20.39,
2026-08-30T00:50:17.051310+00:00,400,25.05,
2026-08-30T00:50:17.067742+00:00,400,20.64,
2026-08-30T00:50:17.083483+00:00,400,22.8,
2026-08-30T00:50:17.098861+00:00,400,19.82,
2026-08-30T00:50:17.113647+00:00,400,21.62,
2026-08-30T00:50:17.129835+00:00,400,23.05,
2026-08-30T00:50:17.145278+00:00,400,20.08,
2026-08-30T00:50:17.160529+00:00,400,21.46,
2026-08-30T00:50:17.176262+00:00,400,23.2,
2026-08-30T00:50:17.191683+00:00,400,21.66,
2026-08-30T00:50:17.207859+00:00,400,22.75,
2026-08-30T00:50:17.223605+00:00,400,20.74,
2026-08-30T00:50:17.238617+00:00,400,23.73,
2026-08-30T00:50:17.253885+00:00,400,21.34,
2026-08-30T00:50:17.269133+00:00,400,23.49,
2026-08-30T00:50:17.283939+00:00,400,20.87,
2026-08-30T00:50:17.299729+00:00,400,21.56,
2026-08-30T00:50:17.316545+00:00,400,20.97,
2026-08-30T00:50:17.331367+00:00,400,25.07,
2026-08-30T00:50:17.347549+00:00,400,20.15,
2026-08-30T00:50:17.362805+00:00,400,23.2,
2026-08-30T00:50:17.378255+00:00,400,20.35,
2026-08-30T00:50:17.393654+00:00,400,21.85,
2026-08-30T00:50:17.409753+00:00,400,23.16,
2026-08-30T00:50:17.425232+00:00,400,20.7,
2026-08-30T00:50:17.440676+00:00,400,23.19,
2026-08-30T00:50:17.456102+00:00,400,20.84,
2026-08-30T00:50:17.471450+00:00,400,24.06,
2026-08-30T00:50:17.486837+00:00,400,20.6,
2026-08-30T00:50:17.502755+00:00,400,24.72,
2026-08-30T00:50:17.518363+00:00,400,20.98,
2026-08-30T00:50:17.532997+00:00,400,25.56,
2026-08-30T00:50:17.548509+00:00,400,20.52,
2026-08-30T00:50:17.563826+00:00,400,20.92,
2026-08-30T00:50:17.579526+00:00,400,20.62,
2026-08-30T00:50:17.595314+00:00,400,20.02,
2026-08-30T00:50:17.610495+00:00,400,21.16,
2026-08-30T00:50:17.626393+00:00,400,22.95,
2026-08-30T00:50:17.641383+00:00,400,20.23,
2026-08-30T00:50:17.656420+00:00,400,23.39,
2026-08-30T00:50:17.671631+00:00,400,20.7,
2026-08-30T00:50:17.687328+00:00,400,23.67,
2026-08-30T00:50:17.702636+00:00,400,21.24,
2026-08-30T00:50:17.718189+00:00,400,23.02,
2026-08-30T00:50:17.733035+00:00,400,20.36,
2026-08-30T00:50:17.748596+00:00,400,21.72,
2026-08-30T00:50:17.763760+00:00,400,19.78,
2026-08-30T00:50:17.779241+00:00,400,20.28,
2026-08-30T00:50:17.794255+00:00,400,23.03,
2026-08-30T00:50:17.809735+00:00,400,20.39,
2026-08-30T00:50:17.825449+00:00,400,20.94,
2026-08-30T00:50:17.839966+00:00,400,21.58,
2026-08-30T00:50:17.856391+00:00,400,22.36,
2026-08-30T00:50:17.871806+00:00,400,20.1,
2026-08-30T00:50:17.887488+00:00,400,20.41,
2026-08-30T00:50:17.902780+00:00,400,19.84,
2026-08-30T00:50:17.917957+00:00,400,20.94,
2026-08-30T00:50:17.933855+00:00,400,20.12,
2026-08-30T00:50:17.949576+00:00,400,20.48,
2026-08-30T00:50:17.965141+00:00,400,23.34,
2026-08-30T00:50:17.980205+00:00,400,22.39,
2026-08-30T00:50:17.996918+00:00,400,22.41,
2026-08-30T00:50:18.011155+00:00,400,19.59,
2026-08-30T00:50:18.026062+00:00,400,21.46,
2026-08-30T00:50:18.042497+00:00,400,25.54,
2026-08-30T00:50:18.057617+00:00,400,21.48,
2026-08-30T00:50:18.073605+00:00,400,20.75,
2026-08-30T00:50:18.089446+00:00,400,21.06,
2026-08-30T00:50:18.105257+00:00,400,22.81,
2026-08-30T00:50:18.120830+00:00,400,20.75,
2026-08-30T00:50:18.136588+00:00,400,20.59,
2026-08-30T00:50:18.152514+00:00,400,22.77,
2026-08-30T00:50:18.167746+00:00,400,19.83,
2026-08-30T00:50:18.182867+00:00,400,20.2,
2026-08-30T00:50:18.198546+00:00,400,22.7,
2026-08-30T00:50:18.213835+00:00,400,20.74,
2026-08-30T00:50:18.228477+00:00,400,23.24,
2026-08-30T00:50:18.244275+00:00,400,20.01,
2026-08-30T00:50:18.259685+00:00,400,20.68,
2026-08-30T00:50:18.275035+00:00,400,24.9,
2026-08-30T00:50:18.290763+00:00,400,20.98,
2026-08-30T00:50:18.306162+00:00,400,22.76,
2026-08-30T00:50:18.321109+00:00,400,20.23,
2026-08-30T00:50:18.336675+00:00,400,20.49,
2026-08-30T00:50:18.352332+00:00,400,20.04,
2026-08-30T00:50:18.367432+00:00,400,23.7,
2026-08-30T00:50:18.383085+00:00,400,19.26,
2026-08-30T00:50:18.398178+00:00,400,20.49,
2026-08-30T00:50:18.413820+00:00,400,22.35,
2026-08-30T00:50:18.428788+00:00,400,20.62,
2026-08-30T00:50:18.444298+00:00,400,22.38,
2026-08-30T00:50:18.459435+00:00,400,20.95,
2026-08-30T00:50:18.475262+00:00,400,22.53,
2026-08-30T00:50:18.490074+00:00,400,22.77,
2026-08-30T00:50:18.506659+00:00,400,23.09,
2026-08-30T00:50:18.521958+00:00,400,20.46,
2026-08-30T00:50:18.537128+00:00,400,20.61,
2026-08-30T00:50:18.552176+00:00,400,19.94,
2026-08-30T00:50:18.567162+00:00,400,23.06,
2026-08-30T00:50:18.582526+00:00,400,20.83,
2026-08-30T00:50:18.597849+00:00,400,24.04,
2026-08-30T00:50:18.613431+00:00,400,21.18,
2026-08-30T00:50:18.628873+00:00,400,25.82,
2026-08-30T00:50:18.644906+00:00,400,19.92,
2026-08-30T00:50:18.659881+00:00,400,23.43,
2026-08-30T00:50:18.675335+00:00,400,19.87,
2026-08-30T00:50:18.690193+00:00,400,20.06,
2026-08-30T00:50:18.705295+00:00,400,20.13,
2026-08-30T00:50:18.720753+00:00,400,20.33,
2026-08-30T00:50:18.736309+00:00,400,21.36,
2026-08-30T00:50:18.751911+00:00,400,20.49,
2026-08-30T00:50:18.767687+00:00,400,21.09,
2026-08-30T00:50:18.783480+00:00,400,23.14,
2026-08-30T00:50:18.798532+00:00,400,21.91,
2026-08-30T00:50:18.814474+00:00,400,22.42,
2026-08-30T00:50:18.829189+00:00,400,20.44,
2026-08-30T00:50:18.844107+00:00,400,23.24,
2026-08-30T00:50:18.859639+00:00,400,21.16,
2026-08-30T00:50:18.875308+00:00,400,23.09,
2026-08-30T00:50:18.890101+00:00,400,21.21,
2026-08-30T00:50:18.906261+00:00,400,23.33,
2026-08-30T00:50:18.921694+00:00,400,20.2,
2026-08-30T00:50:18.936874+00:00,400,24.04,
2026-08-30T00:50:18.952265+00:00,400,20.05,
2026-08-30T00:50:18.967019+00:00,400,23.2,
2026-08-30T00:50:18.982111+00:00,400,20.55,
2026-08-30T00:50:18.997652+00:00,400,23.04,
2026-08-30T00:50:19.012661+00:00,400,21.4,
2026-08-30T00:50:19.028537+00:00,400,21.75,
2026-08-30T00:50:19.043449+00:00,400,20.32,
2026-08-30T00:50:19.058898+00:00,400,21.48,
2026-08-30T00:50:19.074854+00:00,400,22.82,
2026-08-30T00:50:19.090163+00:00,400,20.26,
2026-08-30T00:50:19.105586+00:00,400,22.86,
2026-08-30T00:50:19.121000+00:00,400,20.1,
2026-08-30T00:50:19.136354+00:00,400,20.86,
2026-08-30T00:50:19.152232+00:00,400,22.38,
2026-08-30T00:50:19.167347+00:00,400,20.25,
2026-08-30T00:50:19.182969+00:00,400,20.88,
2026-08-30T00:50:19.198083+00:00,400,23.42,
2026-08-30T00:50:19.213627+00:00,400,20.72,
2026-08-30T00:50:19.229639+00:00,400,20.0,
2026-08-30T00:50:19.245032+00:00,400,20.37,
2026-08-30T00:50:19.260952+00:00,400,20.29,
2026-08-30T00:50:19.276182+00:00,400,22.54,
2026-08-30T00:50:19.291303+00:00,400,20.52,
2026-08-30T00:50:19.306373+00:00,400,24.17,
2026-08-30T00:50:19.321207+00:00,400,20.1,
2026-08-30T00:50:19.336375+00:00,400,22.03,
2026-08-30T00:50:19.351182+00:00,400,19.75,
2026-08-30T00:50:19.366308+00:00,400,20.18,
2026-08-30T00:50:19.381061+00:00,400,22.66,
2026-08-30T00:50:19.396292+00:00,400,21.08,
2026-08-30T00:50:19.411535+00:00,400,23.49,
2026-08-30T00:50:19.426985+00:00,400,20.05,
2026-08-30T00:50:19.442428+00:00,400,21.23,
2026-08-30T00:50:19.458503+00:00,400,21.43,
2026-08-30T00:50:19.474461+00:00,400,21.03,
2026-08-30T00:50:19.490360+00:00,400,20.35,
2026-08-30T00:50:19.505435+00:00,400,20.2,
2026-08-30T00:50:19.520624+00:00,400,20.06,
2026-08-30T00:50:19.536137+00:00,400,20.09,
2026-08-30T00:50:19.551689+00:00,400,23.24,
2026-08-30T00:50:19.567267+00:00,400,19.75,
2026-08-30T00:50:19.582264+00:00,400,19.9,
2026-08-30T00:50:19.597713+00:00,400,20.76,
2026-08-30T00:50:19.613661+00:00,400,20.47,
2026-08-30T00:50:19.629564+00:00,400,20.61,
2026-08-30T00:50:19.645511+00:00,400,21.8,
2026-08-30T00:50:19.660883+00:00,400,19.22,
2026-08-30T00:50:19.675481+00:00,400,19.87,
2026-08-30T00:50:19.690973+00:00,400,20.27,
2026-08-30T00:50:19.706500+00:00,400,22.54,
2026-08-30T00:50:19.721797+00:00,400,20.86,
2026-08-30T00:50:19.737529+00:00,400,21.01,
2026-08-30T00:50:19.752288+00:00,400,22.37,
2026-08-30T00:50:19.767313+00:00,400,20.95,
2026-08-30T00:50:19.782414+00:00,400,20.07,
2026-08-30T00:50:19.797521+00:00,400,21.62,
2026-08-30T00:50:19.813586+00:00,400,22.92,
2026-08-30T00:50:19.828474+00:00,400,20.29,
2026-08-30T00:50:19.843671+00:00,400,22.43,
2026-08-30T00:50:19.858799+00:00,400,20.15,
2026-08-30T00:50:19.874277+00:00,400,20.12,
2026-08-30T00:50:19.889585+00:00,400,21.76,
2026-08-30T00:50:19.904902+00:00,400,20.59,
2026-08-30T00:50:19.920654+00:00,400,20.21,
2026-08-30T00:50:19.936168+00:00,400,20.46,
2026-08-30T00:50:19.951960+00:00,400,20.36,
2026-08-30T00:50:19.967518+00:00,400,21.09,
2026-08-30T00:50:19.983253+00:00,400,22.04,
2026-08-30T00:50:19.998550+00:00,400,20.83,
2026-08-30T00:50:20.014699+00:00,400,20.23,
2026-08-30T00:50:20.030281+00:00,400,21.06,
2026-08-30T00:50:20.046872+00:00,400,20.61,
2026-08-30T00:50:20.061679+00:00,400,20.92,
2026-08-30T00:50:20.077919+00:00,400,19.99,
2026-08-30T00:50:20.093094+00:00,400,20.28,
2026-08-30T00:50:20.108541+00:00,400,22.99,
2026-08-30T00:50:20.123906+00:00,400,21.26,
2026-08-30T00:50:20.139712+00:00,400,24.22,
2026-08-30T00:50:20.154515+00:00,400,21.18,
2026-08-30T00:50:20.169910+00:00,400,21.25,
2026-08-30T00:50:20.185295+00:00,400,21.02,
2026-08-30T00:50:20.200637+00:00,400,24.33,
2026-08-30T00:50:20.216523+00:00,400,19.99,
2026-08-30T00:50:20.231174+00:00,400,24.14,
2026-08-30T00:50:20.246416+00:00,400,22.0,
2026-08-30T00:50:20.261929+00:00,400,24.37,
2026-08-30T00:50:20.278285+00:00,400,21.27,
2026-08-30T00:50:20.293934+00:00,400,22.87,
2026-08-30T00:50:20.308670+00:00,400,21.75,
2026-08-30T00:50:20.324570+00:00,400,24.5,
2026-08-30T00:50:20.340086+00:00,400,22.56,
2026-08-30T00:50:20.355806+00:00,400,24.54,
2026-08-30T00:50:20.372050+00:00,400,19.94,
2026-08-30T00:50:20.387318+00:00,400,21.68,
2026-08-30T00:50:20.403371+00:00,400,19.86,
2026-08-30T00:50:20.418352+00:00,400,23.85,
2026-08-30T00:50:20.433973+00:00,400,20.95,
2026-08-30T00:50:20.450062+00:00,400,22.72,
2026-08-30T00:50:20.464985+00:00,400,20.47,
2026-08-30T00:50:20.480274+00:00,400,22.89,
2026-08-30T00:50:20.495100+00:00,400,20.05,
2026-08-30T00:50:20.510265+00:00,400,21.04,
2026-08-30T00:50:20.525503+00:00,400,20.95,
2026-08-30T00:50:20.541147+00:00,400,25.88,
2026-08-30T00:50:20.556731+00:00,400,20.16,
2026-08-30T00:50:20.572151+00:00,400,19.94,
2026-08-30T00:50:20.587040+00:00,400,21.35,
2026-08-30T00:50:20.602944+00:00,400,20.43,
2026-08-30T00:50:20.618694+00:00,400,23.16,
2026-08-30T00:50:20.633841+00:00,400,20.59,
2026-08-30T00:50:20.649445+00:00,400,20.32,
2026-08-30T00:50:20.664794+00:00,400,22.6,
2026-08-30T00:50:20.679951+00:00,400,19.99,
2026-08-30T00:50:20.695184+00:00,400,21.32,
2026-08-30T00:50:20.710888+00:00,400,23.32,
2026-08-30T00:50:20.726339+00:00,400,21.23,
2026-08-30T00:50:20.742424+00:00,400,20.94,
2026-08-30T00:50:20.758477+00:00,400,20.88,
2026-08-30T00:50:20.774375+00:00,400,20.38,
2026-08-30T00:50:20.790004+00:00,400,21.03,
2026-08-30T00:50:20.805826+00:00,400,20.07,
2026-08-30T00:50:20.821276+00:00,400,20.53,
2026-08-30T00:50:20.837527+00:00,400,23.1,
2026-08-30T00:50:20.852581+00:00,400,19.97,
2026-08-30T00:50:20.867295+00:00,400,22.09,
2026-08-30T00:50:20.883101+00:00,400,20.17,
2026-08-30T00:50:20.898349+00:00,400,20.09,
2026-08-30T00:50:20.913517+00:00,400,22.6,
2026-08-30T00:50:20.928684+00:00,400,20.59,
2026-08-30T00:50:20.943969+00:00,400,20.77,
2026-08-30T00:50:20.959403+00:00,400,24.66,
2026-08-30T00:50:20.975304+00:00,400,20.6,
2026-08-30T00:50:20.990351+00:00,400,22.76,
2026-08-30T00:50:21.005374+00:00,400,20.01,
2026-08-30T00:50:21.020238+00:00,400,23.46,
2026-08-30T00:50:21.035449+00:00,400,20.66,
2026-08-30T00:50:21.050365+00:00,400,24.45,
2026-08-30T00:50:21.065522+00:00,400,22.49,
2026-08-30T00:50:21.081012+00:00,400,23.03,
2026-08-30T00:50:21.095992+00:00,400,20.93,
2026-08-30T00:50:21.111432+00:00,400,23.57,
2026-08-30T00:50:21.126908+00:00,400,20.64,
2026-08-30T00:50:21.142323+00:00,400,21.27,
2026-08-30T00:50:21.158696+00:00,400,23.02,
2026-08-30T00:50:21.173694+00:00,400,20.49,
2026-08-30T00:50:21.189514+00:00,400,20.33,
2026-08-30T00:50:21.205076+00:00,400,22.82,
2026-08-30T00:50:21.220293+00:00,400,21.0,
2026-08-30T00:50:21.236677+00:00,400,19.95,
2026-08-30T00:50:21.252085+00:00,400,20.0,
2026-08-30T00:50:21.266987+00:00,400,22.98,
2026-08-30T00:50:21.282335+00:00,400,19.95,
2026-08-30T00:50:21.297301+00:00,400,20.92,
2026-08-30T00:50:21.312713+00:00,400,24.22,
2026-08-30T00:50:21.328598+00:00,400,21.0,
2026-08-30T00:50:21.343836+00:00,400,22.07,
2026-08-30T00:50:21.359880+00:00,400,22.86,
2026-08-30T00:50:21.375043+00:00,400,20.76,
2026-08-30T00:50:21.391095+00:00,400,20.97,
2026-08-30T00:50:21.406369+00:00,400,22.75,
2026-08-30T00:50:21.421761+00:00,400,20.32,
2026-08-30T00:50:21.437416+00:00,400,20.59,
2026-08-30T00:50:21.453208+00:00,400,22.89,
2026-08-30T00:50:21.468605+00:00,400,19.68,
2026-08-30T00:50:21.483757+00:00,400,21.48,
2026-08-30T00:50:21.499412+00:00,400,20.04,
2026-08-30T00:50:21.515414+00:00,400,20.93,
2026-08-30T00:50:21.531422+00:00,400,20.87,
2026-08-30T00:50:21.547395+00:00,400,20.97,
2026-08-30T00:50:21.563626+00:00,400,22.85,
2026-08-30T00:50:21.578746+00:00,400,21.19,
2026-08-30T00:50:21.594036+00:00,400,23.12,
2026-08-30T00:50:21.608906+00:00,400,20.69,
2026-08-30T00:50:21.624125+00:00,400,22.77,
2026-08-30T00:50:21.639596+00:00,400,20.39,
2026-08-30T00:50:21.655120+00:00,400,20.89,
2026-08-30T00:50:21.670306+00:00,400,24.2,
2026-08-30T00:50:21.686365+00:00,400,20.49,
2026-08-30T00:50:21.701440+00:00,400,25.34,
2026-08-30T00:50:21.717856+00:00,400,20.17,
2026-08-30T00:50:21.733093+00:00,400,24.07,
2026-08-30T00:50:21.748618+00:00,400,20.93,
2026-08-30T00:50:21.764463+00:00,400,21.31,
2026-08-30T00:50:21.780434+00:00,400,24.3,
2026-08-30T00:50:21.796525+00:00,400,21.22,
2026-08-30T00:50:21.812094+00:00,400,20.81,
2026-08-30T00:50:21.827433+00:00,400,23.96,
2026-08-30T00:50:21.842790+00:00,400,21.06,
2026-08-30T00:50:21.858705+00:00,400,23.84,
2026-08-30T00:50:21.873600+00:00,400,20.68,
2026-08-30T00:50:21.889072+00:00,400,20.25,
2026-08-30T00:50:21.904528+00:00,400,20.63,
2026-08-30T00:50:21.920014+00:00,400,25.17,
2026-08-30T00:50:21.935643+00:00,400,20.82,
2026-08-30T00:50:21.951335+00:00,400,22.7,
2026-08-30T00:50:21.966268+00:00,400,20.54,
2026-08-30T00:50:21.981638+00:00,400,20.77,
2026-08-30T00:50:21.997610+00:00,400,20.79,
2026-08-30T00:50:22.013073+00:00,400,20.24,
2026-08-30T00:50:22.028439+00:00,400,19.66,
2026-08-30T00:50:22.043660+00:00,400,20.71,
2026-08-30T00:50:22.059369+00:00,400,23.75,
2026-08-30T00:50:22.075283+00:00,400,20.16,
2026-08-30T00:50:22.090122+00:00,400,20.03,
2026-08-30T00:50:22.105455+00:00,400,21.01,
2026-08-30T00:50:22.121627+00:00,400,21.23,
2026-08-30T00:50:22.137626+00:00,400,20.36,
2026-08-30T00:50:22.153003+00:00,400,19.96,
2026-08-30T00:50:22.168495+00:00,400,20.91,
2026-08-30T00:50:22.184299+00:00,400,22.69,
2026-08-30T00:50:22.199014+00:00,400,20.92,
2026-08-30T00:50:22.214722+00:00,400,20.46,
2026-08-30T00:50:22.230523+00:00,400,21.9,
2026-08-30T00:50:22.246843+00:00,400,22.98,
2026-08-30T00:50:22.261537+00:00,400,21.59,
2026-08-30T00:50:22.277330+00:00,400,22.43,
2026-08-30T00:50:22.292362+00:00,400,21.53,
2026-08-30T00:50:22.308250+00:00,400,23.14,
2026-08-30T00:50:22.324032+00:00,400,19.8,
2026-08-30T00:50:22.338915+00:00,400,21.26,
2026-08-30T00:50:22.354513+00:00,400,23.69,
2026-08-30T00:50:22.369661+00:00,400,20.72,
2026-08-30T00:50:22.385439+00:00,400,20.94,
2026-08-30T00:50:22.401513+00:00,400,20.42,
2026-08-30T00:50:22.417437+00:00,400,20.69,
2026-08-30T00:50:22.433563+00:00,400,20.84,
2026-08-30T00:50:22.449211+00:00,400,22.04,
2026-08-30T00:50:22.463897+00:00,400,20.72,
2026-08-30T00:50:22.479972+00:00,400,21.78,
2026-08-30T00:50:22.495578+00:00,400,24.33,
2026-08-30T00:50:22.510901+00:00,400,21.0,
2026-08-30T00:50:22.526700+00:00,400,21.93,
2026-08-30T00:50:22.543011+00:00,400,22.6,
2026-08-30T00:50:22.558019+00:00,400,21.67,
2026-08-30T00:50:22.573084+00:00,400,24.53,
2026-08-30T00:50:22.588453+00:00,400,22.48,
2026-08-30T00:50:22.603649+00:00,400,20.45,
2026-08-30T00:50:22.619740+00:00,400,22.35,
2026-08-30T00:50:22.634400+00:00,400,20.28,
2026-08-30T00:50:22.650439+00:00,400,20.45,
2026-08-30T00:50:22.666134+00:00,400,22.29,
2026-08-30T00:50:22.681276+00:00,400,21.17,
2026-08-30T00:50:22.697358+00:00,400,22.73,
2026-08-30T00:50:22.712974+00:00,400,19.58,
2026-08-30T00:50:22.728116+00:00,400,21.9,
2026-08-30T00:50:22.742948+00:00,400,20.13,
2026-08-30T00:50:22.758661+00:00,400,20.8,
2026-08-30T00:50:22.774533+00:00,400,21.41,
2026-08-30T00:50:22.789807+00:00,400,19.64,
2026-08-30T00:50:22.804779+00:00,400,20.19,
2026-08-30T00:50:22.819986+00:00,400,20.69,
2026-08-30T00:50:22.835856+00:00,400,22.77,
2026-08-30T00:50:22.851499+00:00,400,19.66,
2026-08-30T00:50:22.866606+00:00,400,20.67,
2026-08-30T00:50:22.882461+00:00,400,21.3,
2026-08-30T00:50:22.898521+00:00,400,21.03,
2026-08-30T00:50:22.914413+00:00,400,20.67,
2026-08-30T00:50:22.930499+00:00,400,20.57,
2026-08-30T00:50:22.946452+00:00,400,21.02,
2026-08-30T00:50:22.962250+00:00,400,21.84,
2026-08-30T00:50:22.977619+00:00,400,21.4,
2026-08-30T00:50:22.993180+00:00,400,20.47,
2026-08-30T00:50:23.008565+00:00,400,19.61,
2026-08-30T00:50:23.023856+00:00,400,22.66,
2026-08-30T00:50:23.038912+00:00,400,20.78,
2026-08-30T00:50:23.054823+00:00,400,19.62,
2026-08-30T00:50:23.070286+00:00,400,20.99,
2026-08-30T00:50:23.086876+00:00,400,19.63,
2026-08-30T00:50:23.101896+00:00,400,20.35,
2026-08-30T00:50:23.117891+00:00,400,30.05,
2026-08-30T00:50:23.133224+00:00,400,37.79,
2026-08-30T00:50:23.148017+00:00,400,23.67,
2026-08-30T00:50:23.179729+00:00,400,23.69,
2026-08-30T00:50:23.164319+00:00,400,39.84,
2026-08-30T00:50:23.195186+00:00,400,35.98,
2026-08-30T00:50:23.210382+00:00,400,23.13,
2026-08-30T00:50:23.226358+00:00,400,23.04,
2026-08-30T00:50:23.241834+00:00,400,20.46,
2026-08-30T00:50:23.257911+00:00,400,22.26,
2026-08-30T00:50:23.273005+00:00,400,20.03,
2026-08-30T00:50:23.288649+00:00,400,20.16,
2026-08-30T00:50:23.303752+00:00,400,22.17,
2026-08-30T00:50:23.318983+00:00,400,20.82,
2026-08-30T00:50:23.334430+00:00,400,20.66,
2026-08-30T00:50:23.350360+00:00,400,21.06,
2026-08-30T00:50:23.365537+00:00,400,25.74,
2026-08-30T00:50:23.381481+00:00,400,20.79,
2026-08-30T00:50:23.396786+00:00,400,23.17,
2026-08-30T00:50:23.411610+00:00,400,21.11,
2026-08-30T00:50:23.426840+00:00,400,23.62,
2026-08-30T00:50:23.441833+00:00,400,20.73,
2026-08-30T00:50:23.457601+00:00,400,21.38,
2026-08-30T00:50:23.473529+00:00,400,23.88,
2026-08-30T00:50:23.489569+00:00,400,21.24,
2026-08-30T00:50:23.504431+00:00,400,20.48,
2026-08-30T00:50:23.519827+00:00,400,23.2,
2026-08-30T00:50:23.535125+00:00,400,19.97,
2026-08-30T00:50:23.549931+00:00,400,22.74,
2026-08-30T00:50:23.565053+00:00,400,20.13,
2026-08-30T00:50:23.580535+00:00,400,21.4,
2026-08-30T00:50:23.596723+00:00,400,20.98,
2026-08-30T00:50:23.612756+00:00,400,20.09,
2026-08-30T00:50:23.628209+00:00,400,20.3,
2026-08-30T00:50:23.643320+00:00,400,22.76,
2026-08-30T00:50:23.658510+00:00,400,21.26,
2026-08-30T00:50:23.673898+00:00,400,21.65,
2026-08-30T00:50:23.689796+00:00,400,23.97,
2026-08-30T00:50:23.705172+00:00,400,21.95,
2026-08-30T00:50:23.720769+00:00,400,21.16,
2026-08-30T00:50:23.736570+00:00,400,22.14,
2026-08-30T00:50:23.752135+00:00,400,22.8,
2026-08-30T00:50:23.767190+00:00,400,21.17,
2026-08-30T00:50:23.782639+00:00,400,20.8,
2026-08-30T00:50:23.797878+00:00,400,24.28,
2026-08-30T00:50:23.813849+00:00,400,19.45,
2026-08-30T00:50:23.828616+00:00,400,20.64,
2026-08-30T00:50:23.843886+00:00,400,23.52,
2026-08-30T00:50:23.859382+00:00,400,20.03,
2026-08-30T00:50:23.874605+00:00,400,20.63,
2026-08-30T00:50:23.890283+00:00,400,23.77,
2026-08-30T00:50:23.905690+00:00,400,21.83,
2026-08-30T00:50:23.921783+00:00,400,22.36,
2026-08-30T00:50:23.936329+00:00,400,21.04,
2026-08-30T00:50:23.951334+00:00,400,24.36,
2026-08-30T00:50:23.967399+00:00,400,20.41,
2026-08-30T00:50:23.982656+00:00,400,21.13,
2026-08-30T00:50:23.998391+00:00,400,21.37,
2026-08-30T00:50:24.014574+00:00,400,22.77,
2026-08-30T00:50:24.029454+00:00,400,20.5,
2026-08-30T00:50:24.044590+00:00,400,23.74,
2026-08-30T00:50:24.060430+00:00,400,20.97,
2026-08-30T00:50:24.076209+00:00,400,24.09,
2026-08-30T00:50:24.091904+00:00,400,20.74,
2026-08-30T00:50:24.106829+00:00,400,23.67,
2026-08-30T00:50:24.122431+00:00,400,21.37,
2026-08-30T00:50:24.138503+00:00,400,23.64,
2026-08-30T00:50:24.153989+00:00,400,21.01,
2026-08-30T00:50:24.169516+00:00,400,25.27,
2026-08-30T00:50:24.185072+00:00,400,25.03,
2026-08-30T00:50:24.199894+00:00,400,20.91,
2026-08-30T00:50:24.214958+00:00,400,20.65,
2026-08-30T00:50:24.230268+00:00,400,22.17,
2026-08-30T00:50:24.246539+00:00,400,23.03,
2026-08-30T00:50:24.261393+00:00,400,21.32,
2026-08-30T00:50:24.277553+00:00,400,20.62,
2026-08-30T00:50:24.293752+00:00,400,23.42,
2026-08-30T00:50:24.308862+00:00,400,20.68,
2026-08-30T00:50:24.324118+00:00,400,20.16,
2026-08-30T00:50:24.339675+00:00,400,22.61,
2026-08-30T00:50:24.356559+00:00,400,23.68,
2026-08-30T00:50:24.371758+00:00,400,20.45,
2026-08-30T00:50:24.387504+00:00,400,21.05,
2026-08-30T00:50:24.403681+00:00,400,23.07,
2026-08-30T00:50:24.418541+00:00,400,20.01,
2026-08-30T00:50:24.433419+00:00,400,22.67,
2026-08-30T00:50:24.448179+00:00,400,19.93,
2026-08-30T00:50:24.463539+00:00,400,20.75,
2026-08-30T00:50:24.479519+00:00,400,20.1,
2026-08-30T00:50:24.494729+00:00,400,20.57,
2026-08-30T00:50:24.510350+00:00,400,20.08,
2026-08-30T00:50:24.525609+00:00,400,20.68,
2026-08-30T00:50:24.541498+00:00,400,20.56,
2026-08-30T00:50:24.557409+00:00,400,23.04,
2026-08-30T00:50:24.572696+00:00,400,21.32,
2026-08-30T00:50:24.587758+00:00,400,24.71,
2026-08-30T00:50:24.603343+00:00,400,19.49,
2026-08-30T00:50:24.618372+00:00,400,20.36,
2026-08-30T00:50:24.633708+00:00,400,23.7,
2026-08-30T00:50:24.649411+00:00,400,20.73,
2026-08-30T00:50:24.664969+00:00,400,24.16,
2026-08-30T00:50:24.680307+00:00,400,19.8,
2026-08-30T00:50:24.695538+00:00,400,20.63,
2026-08-30T00:50:24.711315+00:00,400,21.1,
2026-08-30T00:50:24.727214+00:00,400,21.4,
2026-08-30T00:50:24.743380+00:00,400,22.82,
2026-08-30T00:50:24.758440+00:00,400,20.29,
2026-08-30T00:50:24.773831+00:00,400,20.62,
2026-08-30T00:50:24.789394+00:00,400,20.19,
2026-08-30T00:50:24.804649+00:00,400,20.45,
2026-08-30T00:50:24.820176+00:00,400,22.47,
2026-08-30T00:50:24.835113+00:00,400,20.26,
2026-08-30T00:50:24.850585+00:00,400,22.76,
2026-08-30T00:50:24.866175+00:00,400,19.81,
2026-08-30T00:50:24.881236+00:00,400,22.39,
2026-08-30T00:50:24.896610+00:00,400,21.13,
2026-08-30T00:50:24.912849+00:00,400,23.08,
2026-08-30T00:50:24.928583+00:00,400,20.93,
2026-08-30T00:50:24.943491+00:00,400,23.27,
2026-08-30T00:50:24.958698+00:00,400,20.43,
2026-08-30T00:50:24.973837+00:00,400,25.29,
2026-08-30T00:50:24.989550+00:00,400,21.11,
2026-08-30T00:50:25.005009+00:00,400,21.92,
2026-08-30T00:50:25.020644+00:00,400,23.9,
2026-08-30T00:50:25.036415+00:00,400,21.77,
2026-08-30T00:50:25.052394+00:00,400,23.09,
2026-08-30T00:50:25.067743+00:00,400,21.66,
2026-08-30T00:50:25.083626+00:00,400,24.98,
2026-08-30T00:50:25.099611+00:00,400,22.3,
2026-08-30T00:50:25.114863+00:00,400,22.86,
2026-08-30T00:50:25.130087+00:00,400,21.71,
2026-08-30T00:50:25.145636+00:00,400,23.01,
2026-08-30T00:50:25.162319+00:00,400,23.07,
2026-08-30T00:50:25.177278+00:00,400,22.0,
2026-08-30T00:50:25.193360+00:00,400,24.83,
2026-08-30T00:50:25.209129+00:00,400,21.67,
2026-08-30T00:50:25.224828+00:00,400,24.59,
2026-08-30T00:50:25.241025+00:00,400,21.44,
2026-08-30T00:50:25.256425+00:00,400,26.95,
2026-08-30T00:50:25.272312+00:00,400,22.41,
2026-08-30T00:50:25.283528+00:00,400,20.96,
2026-08-30T00:50:25.294893+00:00,400,30.65,
2026-08-30T00:50:25.318855+00:00,400,25.07,
2026-08-30T00:50:25.333934+00:00,400,25.54,
2026-08-30T00:50:25.349049+00:00,400,20.63,
2026-08-30T00:50:25.364184+00:00,400,22.19,
2026-08-30T00:50:25.379588+00:00,400,23.71,
2026-08-30T00:50:25.394903+00:00,400,21.42,
2026-08-30T00:50:25.409827+00:00,400,25.04,
2026-08-30T00:50:25.425256+00:00,400,27.9,
2026-08-30T00:50:25.440778+00:00,400,23.79,
2026-08-30T00:50:25.453350+00:00,400,22.29,
2026-08-30T00:50:25.464742+00:00,400,27.54,
2026-08-30T00:50:25.485959+00:00,400,27.54,
2026-08-30T00:50:25.501874+00:00,400,21.97,
2026-08-30T00:50:25.513676+00:00,400,24.28,
2026-08-30T00:50:25.532861+00:00,400,24.16,
2026-08-30T00:50:25.548260+00:00,400,22.55,
2026-08-30T00:50:25.563217+00:00,400,20.14,
2026-08-30T00:50:25.578674+00:00,400,20.76,
2026-08-30T00:50:25.593773+00:00,400,25.33,
2026-08-30T00:50:25.609352+00:00,400,20.76,
2026-08-30T00:50:25.624364+00:00,400,23.36,
2026-08-30T00:50:25.639772+00:00,400,21.0,
2026-08-30T00:50:25.654923+00:00,400,23.86,
2026-08-30T00:50:25.670652+00:00,400,20.64,
2026-08-30T00:50:25.686137+00:00,400,23.05,
2026-08-30T00:50:25.701614+00:00,400,21.31,
2026-08-30T00:50:25.716852+00:00,400,23.43,
2026-08-30T00:50:25.731989+00:00,400,21.96,
2026-08-30T00:50:25.747332+00:00,400,24.58,
2026-08-30T00:50:25.763003+00:00,400,21.19,
2026-08-30T00:50:25.778715+00:00,400,23.83,
2026-08-30T00:50:25.794185+00:00,400,20.42,
2026-08-30T00:50:25.809697+00:00,400,21.33,
2026-08-30T00:50:25.825235+00:00,400,23.25,
2026-08-30T00:50:25.840792+00:00,400,21.31,
2026-08-30T00:50:25.856455+00:00,400,24.3,
2026-08-30T00:50:25.871851+00:00,400,21.37,
2026-08-30T00:50:25.886814+00:00,400,21.0,
2026-08-30T00:50:25.902554+00:00,400,21.07,
2026-08-30T00:50:25.918680+00:00,400,20.55,
2026-08-30T00:50:25.934304+00:00,400,21.07,
2026-08-30T00:50:25.950298+00:00,400,22.48,
2026-08-30T00:50:25.966451+00:00,400,22.83,
2026-08-30T00:50:25.981451+00:00,400,21.11,
2026-08-30T00:50:25.997397+00:00,400,22.1,
2026-08-30T00:50:26.014051+00:00,400,19.89,
2026-08-30T00:50:26.028813+00:00,400,22.74,
2026-08-30T00:50:26.044582+00:00,400,20.65,
2026-08-30T00:50:26.060028+00:00,400,22.71,
2026-08-30T00:50:26.075420+00:00,400,20.44,
2026-08-30T00:50:26.090847+00:00,400,23.97,
2026-08-30T00:50:26.106313+00:00,400,21.1,
2026-08-30T00:50:26.121538+00:00,400,23.26,
2026-08-30T00:50:26.137462+00:00,400,20.52,
2026-08-30T00:50:26.152760+00:00,400,20.52,
2026-08-30T00:50:26.168313+00:00,400,24.08,
2026-08-30T00:50:26.184024+00:00,400,20.76,
2026-08-30T00:50:26.198896+00:00,400,22.94,
2026-08-30T00:50:26.214628+00:00,400,20.55,
2026-08-30T00:50:26.230618+00:00,400,21.36,
2026-08-30T00:50:26.246747+00:00,400,21.27,
2026-08-30T00:50:26.262790+00:00,400,21.57,
2026-08-30T00:50:26.278435+00:00,400,21.95,
2026-08-30T00:50:26.293734+00:00,400,20.29,
2026-08-30T00:50:26.309759+00:00,400,20.22,
2026-08-30T00:50:26.325013+00:00,400,22.98,
2026-08-30T00:50:26.339768+00:00,400,20.43,
2026-08-30T00:50:26.355413+00:00,400,22.13,
2026-08-30T00:50:26.370587+00:00,400,21.13,
2026-08-30T00:50:26.386220+00:00,400,24.39,
2026-08-30T00:50:26.401612+00:00,400,20.49,
2026-08-30T00:50:26.417515+00:00,400,21.13,
2026-08-30T00:50:26.433243+00:00,400,23.13,
2026-08-30T00:50:26.448588+00:00,400,20.65,
2026-08-30T00:50:26.463586+00:00,400,21.3,
2026-08-30T00:50:26.478903+00:00,400,23.17,
2026-08-30T00:50:26.493859+00:00,400,19.89,
2026-08-30T00:50:26.508929+00:00,400,20.62,
2026-08-30T00:50:26.524168+00:00,400,25.15,
2026-08-30T00:50:26.538830+00:00,400,21.21,
2026-08-30T00:50:26.554346+00:00,400,20.96,
2026-08-30T00:50:26.570374+00:00,400,21.52,
2026-08-30T00:50:26.586508+00:00,400,20.1,
2026-08-30T00:50:26.601855+00:00,400,20.9,
2026-08-30T00:50:26.617722+00:00,400,20.96,
2026-08-30T00:50:26.633614+00:00,400,20.61,
2026-08-30T00:50:26.649305+00:00,400,21.3,
2026-08-30T00:50:26.665113+00:00,400,22.81,
2026-08-30T00:50:26.680004+00:00,400,21.8,
2026-08-30T00:50:26.695649+00:00,400,23.83,
2026-08-30T00:50:26.710706+00:00,400,20.68,
2026-08-30T00:50:26.726170+00:00,400,21.27,
2026-08-30T00:50:26.741553+00:00,400,24.52,
2026-08-30T00:50:26.757370+00:00,400,20.3,
2026-08-30T00:50:26.772591+00:00,400,20.38,
2026-08-30T00:50:26.787883+00:00,400,20.63,
2026-08-30T00:50:26.803368+00:00,400,20.35,
2026-08-30T00:50:26.818509+00:00,400,23.88,
2026-08-30T00:50:26.833932+00:00,400,20.51,
2026-08-30T00:50:26.849789+00:00,400,22.68,
2026-08-30T00:50:26.865530+00:00,400,23.24,
2026-08-30T00:50:26.880639+00:00,400,21.85,
2026-08-30T00:50:26.896686+00:00,400,23.11,
2026-08-30T00:50:26.912151+00:00,400,19.94,
2026-08-30T00:50:26.927294+00:00,400,23.18,
2026-08-30T00:50:26.943380+00:00,400,23.34,
2026-08-30T00:50:26.958849+00:00,400,19.98,
2026-08-30T00:50:26.973915+00:00,400,21.64,
2026-08-30T00:50:26.989727+00:00,400,23.34,
2026-08-30T00:50:27.005407+00:00,400,20.63,
2026-08-30T00:50:27.020819+00:00,400,23.5,
2026-08-30T00:50:27.036643+00:00,400,20.58,
2026-08-30T00:50:27.052359+00:00,400,21.18,
2026-08-30T00:50:27.068173+00:00,400,21.42,
2026-08-30T00:50:27.084096+00:00,400,23.73,
2026-08-30T00:50:27.098894+00:00,400,21.02,
2026-08-30T00:50:27.114832+00:00,400,20.99,
2026-08-30T00:50:27.130557+00:00,400,23.27,
2026-08-30T00:50:27.146426+00:00,400,19.62,
2026-08-30T00:50:27.161284+00:00,400,19.9,
2026-08-30T00:50:27.176301+00:00,400,20.43,
2026-08-30T00:50:27.191534+00:00,400,21.37,
2026-08-30T00:50:27.207753+00:00,400,24.18,
2026-08-30T00:50:27.223863+00:00,400,20.17,
2026-08-30T00:50:27.239029+00:00,400,19.62,
2026-08-30T00:50:27.254047+00:00,400,20.6,
2026-08-30T00:50:27.269595+00:00,400,19.95,
2026-08-30T00:50:27.284951+00:00,400,22.1,
2026-08-30T00:50:27.300055+00:00,400,20.63,
2026-08-30T00:50:27.315653+00:00,400,22.62,
2026-08-30T00:50:27.330898+00:00,400,19.86,
2026-08-30T00:50:27.346402+00:00,400,19.86,
2026-08-30T00:50:27.361937+00:00,400,20.41,
2026-08-30T00:50:27.377611+00:00,400,21.38,
2026-08-30T00:50:27.393247+00:00,400,23.55,
2026-08-30T00:50:27.408333+00:00,400,20.83,
2026-08-30T00:50:27.424130+00:00,400,22.52,
2026-08-30T00:50:27.438966+00:00,400,20.91,
2026-08-30T00:50:27.454696+00:00,400,20.09,
2026-08-30T00:50:27.469942+00:00,400,21.1,
2026-08-30T00:50:27.486225+00:00,400,22.67,
2026-08-30T00:50:27.500913+00:00,400,20.86,
2026-08-30T00:50:27.516481+00:00,400,22.45,
2026-08-30T00:50:27.532086+00:00,400,25.8,
2026-08-30T00:50:27.546765+00:00,400,21.25,
2026-08-30T00:50:27.558014+00:00,400,24.52,
2026-08-30T00:50:27.577366+00:00,400,19.98,
2026-08-30T00:50:27.592675+00:00,400,20.62,
2026-08-30T00:50:27.608542+00:00,400,20.4,
2026-08-30T00:50:27.624163+00:00,400,20.79,
2026-08-30T00:50:27.639739+00:00,400,20.52,
2026-08-30T00:50:27.655532+00:00,400,20.66,
2026-08-30T00:50:27.671340+00:00,400,20.71,
2026-08-30T00:50:27.686786+00:00,400,22.61,
2026-08-30T00:50:27.701934+00:00,400,19.94,
2026-08-30T00:50:27.717630+00:00,400,23.28,
2026-08-30T00:50:27.732839+00:00,400,19.98,
2026-08-30T00:50:27.748204+00:00,400,22.87,
2026-08-30T00:50:27.764218+00:00,400,24.17,
2026-08-30T00:50:27.779092+00:00,400,20.01,
2026-08-30T00:50:27.794638+00:00,400,20.84,
2026-08-30T00:50:27.810132+00:00,400,22.88,
2026-08-30T00:50:27.825211+00:00,400,21.03,
2026-08-30T00:50:27.841154+00:00,400,22.65,
2026-08-30T00:50:27.856286+00:00,400,20.96,
2026-08-30T00:50:27.871709+00:00,400,23.87,
2026-08-30T00:50:27.887375+00:00,400,20.2,
2026-08-30T00:50:27.902478+00:00,400,22.8,
2026-08-30T00:50:27.918104+00:00,400,19.92,
2026-08-30T00:50:27.933342+00:00,400,20.79,
2026-08-30T00:50:27.949224+00:00,400,21.53,
2026-08-30T00:50:27.965640+00:00,400,22.39,
2026-08-30T00:50:27.980509+00:00,400,20.12,
2026-08-30T00:50:27.995618+00:00,400,21.83,
2026-08-30T00:50:28.011875+00:00,400,23.35,
2026-08-30T00:50:28.027013+00:00,400,20.41,
2026-08-30T00:50:28.042794+00:00,400,22.04,
2026-08-30T00:50:28.058568+00:00,400,24.18,
2026-08-30T00:50:28.074012+00:00,400,20.65,
2026-08-30T00:50:28.089652+00:00,400,20.57,
2026-08-30T00:50:28.105139+00:00,400,23.75,
2026-08-30T00:50:28.120553+00:00,400,20.99,
2026-08-30T00:50:28.136289+00:00,400,20.83,
2026-08-30T00:50:28.152122+00:00,400,22.45,
2026-08-30T00:50:28.166743+00:00,400,19.96,
2026-08-30T00:50:28.182519+00:00,400,21.1,
2026-08-30T00:50:28.198148+00:00,400,22.69,
2026-08-30T00:50:28.212997+00:00,400,21.35,
2026-08-30T00:50:28.228650+00:00,400,23.32,
2026-08-30T00:50:28.244640+00:00,400,20.99,
2026-08-30T00:50:28.260733+00:00,400,21.78,
2026-08-30T00:50:28.276402+00:00,400,25.75,
2026-08-30T00:50:28.292955+00:00,400,19.66,
2026-08-30T00:50:28.307711+00:00,400,23.9,
2026-08-30T00:50:28.322951+00:00,400,19.79,
2026-08-30T00:50:28.337970+00:00,400,22.4,
2026-08-30T00:50:28.352888+00:00,400,20.35,
2026-08-30T00:50:28.368400+00:00,400,22.74,
2026-08-30T00:50:28.383388+00:00,400,20.97,
2026-08-30T00:50:28.398341+00:00,400,23.21,
2026-08-30T00:50:28.413602+00:00,400,19.81,
2026-08-30T00:50:28.428810+00:00,400,20.83,
2026-08-30T00:50:28.444221+00:00,400,23.73,
2026-08-30T00:50:28.459486+00:00,400,20.27,
2026-08-30T00:50:28.474761+00:00,400,20.23,
2026-08-30T00:50:28.489980+00:00,400,20.16,
2026-08-30T00:50:28.505181+00:00,400,22.4,
2026-08-30T00:50:28.520133+00:00,400,20.5,
2026-08-30T00:50:28.535695+00:00,400,23.31,
2026-08-30T00:50:28.551021+00:00,400,20.45,
2026-08-30T00:50:28.566523+00:00,400,23.8,
2026-08-30T00:50:28.581744+00:00,400,20.95,
2026-08-30T00:50:28.598150+00:00,400,19.56,
2026-08-30T00:50:28.613196+00:00,400,20.24,
2026-08-30T00:50:28.628447+00:00,400,21.51,
2026-08-30T00:50:28.644332+00:00,400,24.13,
2026-08-30T00:50:28.660378+00:00,400,19.7,
2026-08-30T00:50:28.675312+00:00,400,20.99,
2026-08-30T00:50:28.691222+00:00,400,22.92,
2026-08-30T00:50:28.706446+00:00,400,20.14,
2026-08-30T00:50:28.721780+00:00,400,21.08,
2026-08-30T00:50:28.737632+00:00,400,23.39,
2026-08-30T00:50:28.753130+00:00,400,20.16,
2026-08-30T00:50:28.768525+00:00,400,20.83,
2026-08-30T00:50:28.783897+00:00,400,22.78,
2026-08-30T00:50:28.799591+00:00,400,20.5,
2026-08-30T00:50:28.815278+00:00,400,23.25,
2026-08-30T00:50:28.830705+00:00,400,21.78,
2026-08-30T00:50:28.846439+00:00,400,20.11,
2026-08-30T00:50:28.862149+00:00,400,19.79,
2026-08-30T00:50:28.877544+00:00,400,21.01,
2026-08-30T00:50:28.893643+00:00,400,20.82,
2026-08-30T00:50:28.909824+00:00,400,19.85,
2026-08-30T00:50:28.925138+00:00,400,22.39,
2026-08-30T00:50:28.940141+00:00,400,19.41,
2026-08-30T00:50:28.954951+00:00,400,19.34,
2026-08-30T00:50:28.969741+00:00,400,20.09,
2026-08-30T00:50:28.984936+00:00,400,20.46,
2026-08-30T00:50:29.000701+00:00,400,20.54,
2026-08-30T00:50:29.016754+00:00,400,20.53,
2026-08-30T00:50:29.032351+00:00,400,21.94,
2026-08-30T00:50:29.047554+00:00,400,19.31,
2026-08-30T00:50:29.062403+00:00,400,20.45,
2026-08-30T00:50:29.078456+00:00,400,20.1,
2026-08-30T00:50:29.093928+00:00,400,19.82,
2026-08-30T00:50:29.109352+00:00,400,20.28,
2026-08-30T00:50:29.125104+00:00,400,22.91,
2026-08-30T00:50:29.140166+00:00,400,19.77,
2026-08-30T00:50:29.155354+00:00,400,20.34,
2026-08-30T00:50:29.171218+00:00,400,22.72,
2026-08-30T00:50:29.186320+00:00,400,22.73,
2026-08-30T00:50:29.201142+00:00,400,20.7,
2026-08-30T00:50:29.216955+00:00,400,22.03,
2026-08-30T00:50:29.231814+00:00,400,20.35,
2026-08-30T00:50:29.247659+00:00,400,21.71,
2026-08-30T00:50:29.262689+00:00,400,20.64,
2026-08-30T00:50:29.278409+00:00,400,20.77,
2026-08-30T00:50:29.294122+00:00,400,22.58,
2026-08-30T00:50:29.309396+00:00,400,20.09,
2026-08-30T00:50:29.324308+00:00,400,22.08,
2026-08-30T00:50:29.339769+00:00,400,20.68,
2026-08-30T00:50:29.354850+00:00,400,25.42,
2026-08-30T00:50:29.370125+00:00,400,22.65,
2026-08-30T00:50:29.386648+00:00,400,23.74,
2026-08-30T00:50:29.401573+00:00,400,20.77,
2026-08-30T00:50:29.416770+00:00,400,24.36,
2026-08-30T00:50:29.432409+00:00,400,20.53,
2026-08-30T00:50:29.448061+00:00,400,24.15,
2026-08-30T00:50:29.463641+00:00,400,19.65,
2026-08-30T00:50:29.478643+00:00,400,20.3,
2026-08-30T00:50:29.494205+00:00,400,23.52,
2026-08-30T00:50:29.509661+00:00,400,21.91,
2026-08-30T00:50:29.526165+00:00,400,22.75,
2026-08-30T00:50:29.542252+00:00,400,23.49,
2026-08-30T00:50:29.557655+00:00,400,20.73,
2026-08-30T00:50:29.573208+00:00,400,20.75,
2026-08-30T00:50:29.589012+00:00,400,20.23,
2026-08-30T00:50:29.603905+00:00,400,22.77,
2026-08-30T00:50:29.619132+00:00,400,20.33,
2026-08-30T00:50:29.634403+00:00,400,22.42,
2026-08-30T00:50:29.649425+00:00,400,21.13,
2026-08-30T00:50:29.665059+00:00,400,22.56,
2026-08-30T00:50:29.679773+00:00,400,20.38,
2026-08-30T00:50:29.695151+00:00,400,21.39,
2026-08-30T00:50:29.710961+00:00,400,23.66,
2026-08-30T00:50:29.726844+00:00,400,20.84,
2026-08-30T00:50:29.742145+00:00,400,20.32,
2026-08-30T00:50:29.757877+00:00,400,20.8,
2026-08-30T00:50:29.773777+00:00,400,23.3,
2026-08-30T00:50:29.789402+00:00,400,21.81,
2026-08-30T00:50:29.805431+00:00,400,23.74,
2026-08-30T00:50:29.821205+00:00,400,20.03,
2026-08-30T00:50:29.836663+00:00,400,20.28,
2026-08-30T00:50:29.852239+00:00,400,20.47,
2026-08-30T00:50:29.867715+00:00,400,20.65,
2026-08-30T00:50:29.882900+00:00,400,19.41,
2026-08-30T00:50:29.897982+00:00,400,21.04,
2026-08-30T00:50:29.914090+00:00,400,22.68,
2026-08-30T00:50:29.929146+00:00,400,20.18,
2026-08-30T00:50:29.944202+00:00,400,23.56,
2026-08-30T00:50:29.959737+00:00,400,21.39,
2026-08-30T00:50:29.975144+00:00,400,23.36,
2026-08-30T00:50:29.989888+00:00,400,21.38,
2026-08-30T00:50:30.005062+00:00,400,20.5,
2026-08-30T00:50:30.020146+00:00,400,23.7,
2026-08-30T00:50:30.035511+00:00,400,22.78,
2026-08-30T00:50:30.052019+00:00,400,22.23,
2026-08-30T00:50:30.067198+00:00,400,20.99,
2026-08-30T00:50:30.082959+00:00,400,22.86,
2026-08-30T00:50:30.098262+00:00,400,19.95,
2026-08-30T00:50:30.113608+00:00,400,20.04,
2026-08-30T00:50:30.129087+00:00,400,21.16,
2026-08-30T00:50:30.144799+00:00,400,23.74,
2026-08-30T00:50:30.160408+00:00,400,20.56,
2026-08-30T00:50:30.175697+00:00,400,23.7,
2026-08-30T00:50:30.191187+00:00,400,20.1,
2026-08-30T00:50:30.206462+00:00,400,21.27,
2026-08-30T00:50:30.222212+00:00,400,23.5,
2026-08-30T00:50:30.238027+00:00,400,20.24,
2026-08-30T00:50:30.252987+00:00,400,22.82,
2026-08-30T00:50:30.268190+00:00,400,19.98,
2026-08-30T00:50:30.283450+00:00,400,22.76,
2026-08-30T00:50:30.298671+00:00,400,20.18,
2026-08-30T00:50:30.314086+00:00,400,19.46,
2026-08-30T00:50:30.329120+00:00,400,20.38,
2026-08-30T00:50:30.344591+00:00,400,20.73,
2026-08-30T00:50:30.360303+00:00,400,20.6,
2026-08-30T00:50:30.376507+00:00,400,21.88,
2026-08-30T00:50:30.392286+00:00,400,22.1,
2026-08-30T00:50:30.407568+00:00,400,22.51,
2026-08-30T00:50:30.424372+00:00,400,22.77,
2026-08-30T00:50:30.439621+00:00,400,20.21,
2026-08-30T00:50:30.455109+00:00,400,20.87,
2026-08-30T00:50:30.471010+00:00,400,20.19,
2026-08-30T00:50:30.486272+00:00,400,19.76,
2026-08-30T00:50:30.501532+00:00,400,21.01,
2026-08-30T00:50:30.517581+00:00,400,20.71,
2026-08-30T00:50:30.533432+00:00,400,22.83,
2026-08-30T00:50:30.548479+00:00,400,20.92,
2026-08-30T00:50:30.564364+00:00,400,21.43,
2026-08-30T00:50:30.578690+00:00,400,21.53,
2026-08-30T00:50:30.594707+00:00,400,22.91,
2026-08-30T00:50:30.610614+00:00,400,21.21,
2026-08-30T00:50:30.626650+00:00,400,23.19,
2026-08-30T00:50:30.641983+00:00,400,20.29,
2026-08-30T00:50:30.657351+00:00,400,29.14,
2026-08-30T00:50:30.672693+00:00,400,38.11,
2026-08-30T00:50:30.686818+00:00,400,24.67,
2026-08-30T00:50:30.703453+00:00,400,37.96,
2026-08-30T00:50:30.718756+00:00,400,23.43,
2026-08-30T00:50:30.734152+00:00,400,20.57,
2026-08-30T00:50:30.749759+00:00,400,20.47,
2026-08-30T00:50:30.765618+00:00,400,20.21,
2026-08-30T00:50:30.781458+00:00,400,22.19,
2026-08-30T00:50:30.796482+00:00,400,20.28,
2026-08-30T00:50:30.812046+00:00,400,22.26,
2026-08-30T00:50:30.827391+00:00,400,20.44,
2026-08-30T00:50:30.842669+00:00,400,21.67,
2026-08-30T00:50:30.858041+00:00,400,19.38,
2026-08-30T00:50:30.872978+00:00,400,20.73,
2026-08-30T00:50:30.888551+00:00,400,20.19,
2026-08-30T00:50:30.904453+00:00,400,20.05,
2026-08-30T00:50:30.919651+00:00,400,21.46,
2026-08-30T00:50:30.934674+00:00,400,20.47,
2026-08-30T00:50:30.950091+00:00,400,21.71,
2026-08-30T00:50:30.964941+00:00,400,20.01,
2026-08-30T00:50:30.980375+00:00,400,21.22,
2026-08-30T00:50:30.996159+00:00,400,23.23,
2026-08-30T00:50:31.012081+00:00,400,20.13,
2026-08-30T00:50:31.027429+00:00,400,21.15,
2026-08-30T00:50:31.043457+00:00,400,20.01,
2026-08-30T00:50:31.058842+00:00,400,20.92,
2026-08-30T00:50:31.074357+00:00,400,22.28,
2026-08-30T00:50:31.089729+00:00,400,21.04,
2026-08-30T00:50:31.105040+00:00,400,25.39,
2026-08-30T00:50:31.120585+00:00,400,21.08,
2026-08-30T00:50:31.136475+00:00,400,21.09,
2026-08-30T00:50:31.152355+00:00,400,19.75,
2026-08-30T00:50:31.167563+00:00,400,20.13,
2026-08-30T00:50:31.183227+00:00,400,20.58,
2026-08-30T00:50:31.198817+00:00,400,23.3,
2026-08-30T00:50:31.214849+00:00,400,19.27,
2026-08-30T00:50:31.229710+00:00,400,20.68,
2026-08-30T00:50:31.245672+00:00,400,20.6,
2026-08-30T00:50:31.261766+00:00,400,21.9,
2026-08-30T00:50:31.276777+00:00,400,20.67,
2026-08-30T00:50:31.292744+00:00,400,20.71,
2026-08-30T00:50:31.308425+00:00,400,20.86,
2026-08-30T00:50:31.324199+00:00,400,21.86,
2026-08-30T00:50:31.339290+00:00,400,20.99,
2026-08-30T00:50:31.355224+00:00,400,20.56,
2026-08-30T00:50:31.371050+00:00,400,20.7,
2026-08-30T00:50:31.386741+00:00,400,20.82,
2026-08-30T00:50:31.402059+00:00,400,19.98,
2026-08-30T00:50:31.416887+00:00,400,23.24,
2026-08-30T00:50:31.432073+00:00,400,20.88,
2026-08-30T00:50:31.447634+00:00,400,23.23,
2026-08-30T00:50:31.463374+00:00,400,20.39,
2026-08-30T00:50:31.478130+00:00,400,24.27,
2026-08-30T00:50:31.493766+00:00,400,21.2,
2026-08-30T00:50:31.508899+00:00,400,22.93,
2026-08-30T00:50:31.524563+00:00,400,21.53,
2026-08-30T00:50:31.540515+00:00,400,25.09,
2026-08-30T00:50:31.556540+00:00,400,21.02,
2026-08-30T00:50:31.572422+00:00,400,23.77,
2026-08-30T00:50:31.587682+00:00,400,21.27,
2026-08-30T00:50:31.603347+00:00,400,23.62,
2026-08-30T00:50:31.618719+00:00,400,20.47,
2026-08-30T00:50:31.633957+00:00,400,23.82,
2026-08-30T00:50:31.649387+00:00,400,21.41,
2026-08-30T00:50:31.665370+00:00,400,23.15,
2026-08-30T00:50:31.680745+00:00,400,20.72,
2026-08-30T00:50:31.696617+00:00,400,21.23,
2026-08-30T00:50:31.712444+00:00,400,24.68,
2026-08-30T00:50:31.728484+00:00,400,20.12,
2026-08-30T00:50:31.743590+00:00,400,23.16,
2026-08-30T00:50:31.758573+00:00,400,20.59,
2026-08-30T00:50:31.773794+00:00,400,23.97,
2026-08-30T00:50:31.789501+00:00,400,20.64,
2026-08-30T00:50:31.804487+00:00,400,20.54,
2026-08-30T00:50:31.820171+00:00,400,20.04,
2026-08-30T00:50:31.835628+00:00,400,21.07,
2026-08-30T00:50:31.851614+00:00,400,20.87,
2026-08-30T00:50:31.867445+00:00,400,21.98,
2026-08-30T00:50:31.883611+00:00,400,22.85,
2026-08-30T00:50:31.898765+00:00,400,20.3,
2026-08-30T00:50:31.914145+00:00,400,20.26,
2026-08-30T00:50:31.929422+00:00,400,21.1,
2026-08-30T00:50:31.945558+00:00,400,20.88,
2026-08-30T00:50:31.961213+00:00,400,21.37,
2026-08-30T00:50:31.976658+00:00,400,24.94,
2026-08-30T00:50:31.992386+00:00,400,22.64,
2026-08-30T00:50:32.007946+00:00,400,23.97,
2026-08-30T00:50:32.023351+00:00,400,21.23,
2026-08-30T00:50:32.038613+00:00,400,25.1,
2026-08-30T00:50:32.054609+00:00,400,20.98,
2026-08-30T00:50:32.070682+00:00,400,21.91,
2026-08-30T00:50:32.086367+00:00,400,24.06,
2026-08-30T00:50:32.101261+00:00,400,20.18,
2026-08-30T00:50:32.116334+00:00,400,23.02,
2026-08-30T00:50:32.131654+00:00,400,22.01,
2026-08-30T00:50:32.147867+00:00,400,23.25,
2026-08-30T00:50:32.163457+00:00,400,20.13,
2026-08-30T00:50:32.178934+00:00,400,20.3,
2026-08-30T00:50:32.194472+00:00,400,21.51,
2026-08-30T00:50:32.210641+00:00,400,22.13,
2026-08-30T00:50:32.225988+00:00,400,21.04,
2026-08-30T00:50:32.241606+00:00,400,23.35,
2026-08-30T00:50:32.257566+00:00,400,19.27,
2026-08-30T00:50:32.272661+00:00,400,20.04,
2026-08-30T00:50:32.287955+00:00,400,20.41,
2026-08-30T00:50:32.303831+00:00,400,20.29,
2026-08-30T00:50:32.319357+00:00,400,19.71,
2026-08-30T00:50:32.334301+00:00,400,24.16,
2026-08-30T00:50:32.349950+00:00,400,21.5,
2026-08-30T00:50:32.365060+00:00,400,23.88,
2026-08-30T00:50:32.379944+00:00,400,20.51,
2026-08-30T00:50:32.394871+00:00,400,20.64,
2026-08-30T00:50:32.409610+00:00,400,20.52,
2026-08-30T00:50:32.425475+00:00,400,21.53,
2026-08-30T00:50:32.441071+00:00,400,26.39,
2026-08-30T00:50:32.456526+00:00,400,20.63,
2026-08-30T00:50:32.472010+00:00,400,19.41,
2026-08-30T00:50:32.486781+00:00,400,20.83,
2026-08-30T00:50:32.502681+00:00,400,23.03,
2026-08-30T00:50:32.517813+00:00,400,21.79,
2026-08-30T00:50:32.534679+00:00,400,18.99,
2026-08-30T00:50:32.548917+00:00,400,22.37,
2026-08-30T00:50:32.564371+00:00,400,20.47,
2026-08-30T00:50:32.580186+00:00,400,23.03,
2026-08-30T00:50:32.595037+00:00,400,20.49,
2026-08-30T00:50:32.610712+00:00,400,20.48,
2026-08-30T00:50:32.626627+00:00,400,19.99,
2026-08-30T00:50:32.642358+00:00,400,19.82,
2026-08-30T00:50:32.657831+00:00,400,19.78,
2026-08-30T00:50:32.672683+00:00,400,23.76,
2026-08-30T00:50:32.688419+00:00,400,19.41,
2026-08-30T00:50:32.703290+00:00,400,20.76,
2026-08-30T00:50:32.719214+00:00,400,20.03,
2026-08-30T00:50:32.734863+00:00,400,20.12,
2026-08-30T00:50:32.750475+00:00,400,20.58,
2026-08-30T00:50:32.766367+00:00,400,20.29,
2026-08-30T00:50:32.782169+00:00,400,22.58,
2026-08-30T00:50:32.797589+00:00,400,19.61,
2026-08-30T00:50:32.812514+00:00,400,19.3,
2026-08-30T00:50:32.827857+00:00,400,20.31,
2026-08-30T00:50:32.842815+00:00,400,20.08,
2026-08-30T00:50:32.858419+00:00,400,20.78,
2026-08-30T00:50:32.874463+00:00,400,20.02,
2026-08-30T00:50:32.889854+00:00,400,20.3,
2026-08-30T00:50:32.905478+00:00,400,19.73,
2026-08-30T00:50:32.920638+00:00,400,20.87,
2026-08-30T00:50:32.936158+00:00,400,23.0,
2026-08-30T00:50:32.951447+00:00,400,21.32,
2026-08-30T00:50:32.967601+00:00,400,21.4,
2026-08-30T00:50:32.983549+00:00,400,22.06,
2026-08-30T00:50:32.998599+00:00,400,20.55,
2026-08-30T00:50:33.013741+00:00,400,22.36,
2026-08-30T00:50:33.029114+00:00,400,21.58,
2026-08-30T00:50:33.044848+00:00,400,22.11,
2026-08-30T00:50:33.059728+00:00,400,22.43,
2026-08-30T00:50:33.075670+00:00,400,24.53,
2026-08-30T00:50:33.091129+00:00,400,22.38,
2026-08-30T00:50:33.106482+00:00,400,26.29,
2026-08-30T00:50:33.122677+00:00,400,20.49,
2026-08-30T00:50:33.137818+00:00,400,25.56,
2026-08-30T00:50:33.153153+00:00,400,21.76,
2026-08-30T00:50:33.168159+00:00,400,25.53,
2026-08-30T00:50:33.183638+00:00,400,20.53,
2026-08-30T00:50:33.198511+00:00,400,24.22,
2026-08-30T00:50:33.214050+00:00,400,21.34,
2026-08-30T00:50:33.229264+00:00,400,23.64,
2026-08-30T00:50:33.244455+00:00,400,21.36,
2026-08-30T00:50:33.259807+00:00,400,23.42,
2026-08-30T00:50:33.275231+00:00,400,20.53,
2026-08-30T00:50:33.290550+00:00,400,23.98,
2026-08-30T00:50:33.306361+00:00,400,21.04,
2026-08-30T00:50:33.321933+00:00,400,23.63,
2026-08-30T00:50:33.337450+00:00,400,21.56,
2026-08-30T00:50:33.353505+00:00,400,24.35,
2026-08-30T00:50:33.369022+00:00,400,20.75,
2026-08-30T00:50:33.384531+00:00,400,24.13,
2026-08-30T00:50:33.400372+00:00,400,20.58,
2026-08-30T00:50:33.415247+00:00,400,23.71,
2026-08-30T00:50:33.430522+00:00,400,22.09,
2026-08-30T00:50:33.446360+00:00,400,24.57,
2026-08-30T00:50:33.462325+00:00,400,21.27,
2026-08-30T00:50:33.478445+00:00,400,21.13,
2026-08-30T00:50:33.494650+00:00,400,23.01,
2026-08-30T00:50:33.509999+00:00,400,22.01,
2026-08-30T00:50:33.526921+00:00,400,23.91,
2026-08-30T00:50:33.542403+00:00,400,21.44,
2026-08-30T00:50:33.557615+00:00,400,23.72,
2026-08-30T00:50:33.572607+00:00,400,20.98,
2026-08-30T00:50:33.588327+00:00,400,23.78,
2026-08-30T00:50:33.603450+00:00,400,21.56,
2026-08-30T00:50:33.619414+00:00,400,23.84,
2026-08-30T00:50:33.634740+00:00,400,20.87,
2026-08-30T00:50:33.650531+00:00,400,20.72,
2026-08-30T00:50:33.666446+00:00,400,20.46,
2026-08-30T00:50:33.682194+00:00,400,20.44,
2026-08-30T00:50:33.697443+00:00,400,24.03,
2026-08-30T00:50:33.713594+00:00,400,20.31,
2026-08-30T00:50:33.728869+00:00,400,23.47,
2026-08-30T00:50:33.744447+00:00,400,20.17,
2026-08-30T00:50:33.760039+00:00,400,20.63,
2026-08-30T00:50:33.775480+00:00,400,23.52,
2026-08-30T00:50:33.791389+00:00,400,20.03,
2026-08-30T00:50:33.806636+00:00,400,20.69,
2026-08-30T00:50:33.822113+00:00,400,20.83,
2026-08-30T00:50:33.838348+00:00,400,20.9,
2026-08-30T00:50:33.854439+00:00,400,19.68,
2026-08-30T00:50:33.869769+00:00,400,21.51,
2026-08-30T00:50:33.884583+00:00,400,20.73,
2026-08-30T00:50:33.900461+00:00,400,20.15,
2026-08-30T00:50:33.915411+00:00,400,23.3,
2026-08-30T00:50:33.930959+00:00,400,20.2,
2026-08-30T00:50:33.946482+00:00,400,20.39,
2026-08-30T00:50:33.962088+00:00,400,20.06,
2026-08-30T00:50:33.977335+00:00,400,20.69,
2026-08-30T00:50:33.992848+00:00,400,22.69,
2026-08-30T00:50:34.008041+00:00,400,19.88,
2026-08-30T00:50:34.023063+00:00,400,20.25,
2026-08-30T00:50:34.038728+00:00,400,20.77,
2026-08-30T00:50:34.054221+00:00,400,19.96,
2026-08-30T00:50:34.069399+00:00,400,20.67,
2026-08-30T00:50:34.084993+00:00,400,22.89,
2026-08-30T00:50:34.099998+00:00,400,21.15,
2026-08-30T00:50:34.115646+00:00,400,22.75,
2026-08-30T00:50:34.130654+00:00,400,20.39,
2026-08-30T00:50:34.145851+00:00,400,20.78,
2026-08-30T00:50:34.162144+00:00,400,20.94,
2026-08-30T00:50:34.177804+00:00,400,22.83,
2026-08-30T00:50:34.192574+00:00,400,20.43,
2026-08-30T00:50:34.207773+00:00,400,22.66,
2026-08-30T00:50:34.222777+00:00,400,19.89,
2026-08-30T00:50:34.237704+00:00,400,22.85,
2026-08-30T00:50:34.252586+00:00,400,20.66,
2026-08-30T00:50:34.267838+00:00,400,23.2,
2026-08-30T00:50:34.283203+00:00,400,20.34,
2026-08-30T00:50:34.298351+00:00,400,20.33,
2026-08-30T00:50:34.313695+00:00,400,21.11,
2026-08-30T00:50:34.329594+00:00,400,23.88,
2026-08-30T00:50:34.345522+00:00,400,20.49,
2026-08-30T00:50:34.360692+00:00,400,22.52,
2026-08-30T00:50:34.375533+00:00,400,22.07,
2026-08-30T00:50:34.391515+00:00,400,21.98,
2026-08-30T00:50:34.407437+00:00,400,22.66,
2026-08-30T00:50:34.422601+00:00,400,20.44,
2026-08-30T00:50:34.438477+00:00,400,20.54,
2026-08-30T00:50:34.454032+00:00,400,21.67,
2026-08-30T00:50:34.468596+00:00,400,21.58,
2026-08-30T00:50:34.484657+00:00,400,23.57,
2026-08-30T00:50:34.500367+00:00,400,21.05,
2026-08-30T00:50:34.516232+00:00,400,21.4,
2026-08-30T00:50:34.532025+00:00,400,23.2,
2026-08-30T00:50:34.547710+00:00,400,19.96,
2026-08-30T00:50:34.562974+00:00,400,20.11,
2026-08-30T00:50:34.578160+00:00,400,20.65,
2026-08-30T00:50:34.593999+00:00,400,22.86,
2026-08-30T00:50:34.609384+00:00,400,21.28,
2026-08-30T00:50:34.625114+00:00,400,23.26,
2026-08-30T00:50:34.640631+00:00,400,21.87,
2026-08-30T00:50:34.656855+00:00,400,22.0,
2026-08-30T00:50:34.671734+00:00,400,20.97,
2026-08-30T00:50:34.687780+00:00,400,23.56,
2026-08-30T00:50:34.702888+00:00,400,19.52,
2026-08-30T00:50:34.717635+00:00,400,23.53,
2026-08-30T00:50:34.732753+00:00,400,19.43,
2026-08-30T00:50:34.747761+00:00,400,21.71,
2026-08-30T00:50:34.763829+00:00,400,24.09,
2026-08-30T00:50:34.779512+00:00,400,21.92,
2026-08-30T00:50:34.794903+00:00,400,22.75,
2026-08-30T00:50:34.809804+00:00,400,21.19,
2026-08-30T00:50:34.824864+00:00,400,20.53,
2026-08-30T00:50:34.839992+00:00,400,21.6,
2026-08-30T00:50:34.856606+00:00,400,20.28,
2026-08-30T00:50:34.872136+00:00,400,20.65,
2026-08-30T00:50:34.887768+00:00,400,20.15,
2026-08-30T00:50:34.902772+00:00,400,23.34,
2026-08-30T00:50:34.918350+00:00,400,24.01,
2026-08-30T00:50:34.933101+00:00,400,36.13,
2026-08-30T00:50:34.948506+00:00,400,22.61,
2026-08-30T00:50:34.964061+00:00,400,21.3,
2026-08-30T00:50:34.980229+00:00,400,21.45,
2026-08-30T00:50:34.996557+00:00,400,21.28,
2026-08-30T00:50:35.012632+00:00,400,24.19,
2026-08-30T00:50:35.028468+00:00,400,20.87,
2026-08-30T00:50:35.044390+00:00,400,20.99,
2026-08-30T00:50:35.060321+00:00,400,21.2,
2026-08-30T00:50:35.076440+00:00,400,20.43,
2026-08-30T00:50:35.092129+00:00,400,20.24,
2026-08-30T00:50:35.107602+00:00,400,21.48,
2026-08-30T00:50:35.123256+00:00,400,23.74,
2026-08-30T00:50:35.138287+00:00,400,21.71,
2026-08-30T00:50:35.154374+00:00,400,21.42,
2026-08-30T00:50:35.169722+00:00,400,24.75,
2026-08-30T00:50:35.185227+00:00,400,20.91,
2026-08-30T00:50:35.200274+00:00,400,24.24,
2026-08-30T00:50:35.216629+00:00,400,21.86,
2026-08-30T00:50:35.232526+00:00,400,22.75,
2026-08-30T00:50:35.247807+00:00,400,21.57,
2026-08-30T00:50:35.263619+00:00,400,24.41,
2026-08-30T00:50:35.279010+00:00,400,21.4,
2026-08-30T00:50:35.294137+00:00,400,23.5,
2026-08-30T00:50:35.309550+00:00,400,21.69,
2026-08-30T00:50:35.325363+00:00,400,24.64,
2026-08-30T00:50:35.340957+00:00,400,20.55,
2026-08-30T00:50:35.355676+00:00,400,23.08,
2026-08-30T00:50:35.370747+00:00,400,20.61,
2026-08-30T00:50:35.385937+00:00,400,20.16,
2026-08-30T00:50:35.401255+00:00,400,24.34,
2026-08-30T00:50:35.416555+00:00,400,22.52,
2026-08-30T00:50:35.431656+00:00,400,24.46,
2026-08-30T00:50:35.446907+00:00,400,25.65,
2026-08-30T00:50:35.461874+00:00,400,24.16,
2026-08-30T00:50:35.476932+00:00,400,22.26,
2026-08-30T00:50:35.492219+00:00,400,23.07,
2026-08-30T00:50:35.507024+00:00,400,20.36,
2026-08-30T00:50:35.522209+00:00,400,20.93,
2026-08-30T00:50:35.537619+00:00,400,19.64,
2026-08-30T00:50:35.552597+00:00,400,21.92,
2026-08-30T00:50:35.568606+00:00,400,23.15,
2026-08-30T00:50:35.583782+00:00,400,20.01,
2026-08-30T00:50:35.598841+00:00,400,20.08,
2026-08-30T00:50:35.614011+00:00,400,21.98,
2026-08-30T00:50:35.628925+00:00,400,20.06,
2026-08-30T00:50:35.644457+00:00,400,23.05,
2026-08-30T00:50:35.659528+00:00,400,20.87,
2026-08-30T00:50:35.675079+00:00,400,23.09,
2026-08-30T00:50:35.690494+00:00,400,20.52,
2026-08-30T00:50:35.706224+00:00,400,23.86,
2026-08-30T00:50:35.721462+00:00,400,20.69,
2026-08-30T00:50:35.736615+00:00,400,23.5,
2026-08-30T00:50:35.752507+00:00,400,19.11,
2026-08-30T00:50:35.767332+00:00,400,20.33,
2026-08-30T00:50:35.783063+00:00,400,19.99,
2026-08-30T00:50:35.798356+00:00,400,20.0,
2026-08-30T00:50:35.813693+00:00,400,22.96,
2026-08-30T00:50:35.829132+00:00,400,19.05,
2026-08-30T00:50:35.843898+00:00,400,21.49,
2026-08-30T00:50:35.858847+00:00,400,19.63,
2026-08-30T00:50:35.873768+00:00,400,19.54,
2026-08-30T00:50:35.888569+00:00,400,20.49,
2026-08-30T00:50:35.904460+00:00,400,20.5,
2026-08-30T00:50:35.920121+00:00,400,21.82,
2026-08-30T00:50:35.936560+00:00,400,22.23,
2026-08-30T00:50:35.951735+00:00,400,20.19,
2026-08-30T00:50:35.967442+00:00,400,20.51,
2026-08-30T00:50:35.982932+00:00,400,21.53,
2026-08-30T00:50:35.997646+00:00,400,19.5,
2026-08-30T00:50:36.012762+00:00,400,19.42,
2026-08-30T00:50:36.027805+00:00,400,19.8,
2026-08-30T00:50:36.042933+00:00,400,21.44,
2026-08-30T00:50:36.057729+00:00,400,20.47,
2026-08-30T00:50:36.073112+00:00,400,22.49,
2026-08-30T00:50:36.088429+00:00,400,21.23,
2026-08-30T00:50:36.104132+00:00,400,22.71,
2026-08-30T00:50:36.119498+00:00,400,20.02,
2026-08-30T00:50:36.134813+00:00,400,21.53,
2026-08-30T00:50:36.150563+00:00,400,21.39,
2026-08-30T00:50:36.166619+00:00,400,21.35,
2026-08-30T00:50:36.181955+00:00,400,22.95,
2026-08-30T00:50:36.197565+00:00,400,19.39,
2026-08-30T00:50:36.212756+00:00,400,21.62,
2026-08-30T00:50:36.227401+00:00,400,20.63,
2026-08-30T00:50:36.242889+00:00,400,23.13,
2026-08-30T00:50:36.258666+00:00,400,20.54,
2026-08-30T00:50:36.274241+00:00,400,22.64,
2026-08-30T00:50:36.289430+00:00,400,21.04,
2026-08-30T00:50:36.304798+00:00,400,27.73,
2026-08-30T00:50:36.332621+00:00,400,24.27,
2026-08-30T00:50:36.320157+00:00,400,38.55,
2026-08-30T00:50:36.351784+00:00,400,19.56,
2026-08-30T00:50:36.366623+00:00,400,20.38,
2026-08-30T00:50:36.381727+00:00,400,22.77,
2026-08-30T00:50:36.396784+00:00,400,20.85,
2026-08-30T00:50:36.412470+00:00,400,20.4,
2026-08-30T00:50:36.427946+00:00,400,22.68,
2026-08-30T00:50:36.442958+00:00,400,21.03,
2026-08-30T00:50:36.458809+00:00,400,22.43,
2026-08-30T00:50:36.473693+00:00,400,19.47,
2026-08-30T00:50:36.488619+00:00,400,20.38,
2026-08-30T00:50:36.504145+00:00,400,24.54,
2026-08-30T00:50:36.518911+00:00,400,21.12,
2026-08-30T00:50:36.533844+00:00,400,24.55,
2026-08-30T00:50:36.549886+00:00,400,20.59,
2026-08-30T00:50:36.565292+00:00,400,20.11,
2026-08-30T00:50:36.580830+00:00,400,20.4,
2026-08-30T00:50:36.596508+00:00,400,23.28,
2026-08-30T00:50:36.611643+00:00,400,19.44,
2026-08-30T00:50:36.626500+00:00,400,21.11,
2026-08-30T00:50:36.642181+00:00,400,20.65,
2026-08-30T00:50:36.657899+00:00,400,23.68,
2026-08-30T00:50:36.673631+00:00,400,20.75,
2026-08-30T00:50:36.688945+00:00,400,23.31,
2026-08-30T00:50:36.704426+00:00,400,19.72,
2026-08-30T00:50:36.719359+00:00,400,21.22,
2026-08-30T00:50:36.735453+00:00,400,20.75,
2026-08-30T00:50:36.751262+00:00,400,21.01,
2026-08-30T00:50:36.766738+00:00,400,21.36,
2026-08-30T00:50:36.781991+00:00,400,20.76,
2026-08-30T00:50:36.797405+00:00,400,22.81,
2026-08-30T00:50:36.812961+00:00,400,20.07,
2026-08-30T00:50:36.828171+00:00,400,22.79,
2026-08-30T00:50:36.842792+00:00,400,21.16,
2026-08-30T00:50:36.857996+00:00,400,20.84,
2026-08-30T00:50:36.873727+00:00,400,20.22,
2026-08-30T00:50:36.888781+00:00,400,22.95,
2026-08-30T00:50:36.903424+00:00,400,20.88,
2026-08-30T00:50:36.919219+00:00,400,23.67,
2026-08-30T00:50:36.934854+00:00,400,20.71,
2026-08-30T00:50:36.950349+00:00,400,21.19,
2026-08-30T00:50:36.966783+00:00,400,21.08,
2026-08-30T00:50:36.982218+00:00,400,22.37,
2026-08-30T00:50:36.997025+00:00,400,19.67,
2026-08-30T00:50:37.011882+00:00,400,21.51,
2026-08-30T00:50:37.027044+00:00,400,21.56,
2026-08-30T00:50:37.043330+00:00,400,23.5,
2026-08-30T00:50:37.058466+00:00,400,21.16,
2026-08-30T00:50:37.074883+00:00,400,20.27,
2026-08-30T00:50:37.089925+00:00,400,23.5,
2026-08-30T00:50:37.105316+00:00,400,20.41,
2026-08-30T00:50:37.120489+00:00,400,21.52,
2026-08-30T00:50:37.136749+00:00,400,20.26,
2026-08-30T00:50:37.152158+00:00,400,20.91,
2026-08-30T00:50:37.168307+00:00,400,21.62,
2026-08-30T00:50:37.184383+00:00,400,23.73,
2026-08-30T00:50:37.199629+00:00,400,20.58,
2026-08-30T00:50:37.214989+00:00,400,23.9,
2026-08-30T00:50:37.230736+00:00,400,19.66,
2026-08-30T00:50:37.245848+00:00,400,23.14,
2026-08-30T00:50:37.260989+00:00,400,20.7,
2026-08-30T00:50:37.276436+00:00,400,21.04,
2026-08-30T00:50:37.292484+00:00,400,23.51,
2026-08-30T00:50:37.307820+00:00,400,20.11,
2026-08-30T00:50:37.322838+00:00,400,23.75,
2026-08-30T00:50:37.338498+00:00,400,20.58,
2026-08-30T00:50:37.354231+00:00,400,22.55,
2026-08-30T00:50:37.369526+00:00,400,21.11,
2026-08-30T00:50:37.385420+00:00,400,22.09,
2026-08-30T00:50:37.400726+00:00,400,20.44,
2026-08-30T00:50:37.416223+00:00,400,23.61,
2026-08-30T00:50:37.431417+00:00,400,20.36,
2026-08-30T00:50:37.447354+00:00,400,19.95,
2026-08-30T00:50:37.462446+00:00,400,20.51,
2026-08-30T00:50:37.477762+00:00,400,21.92,
2026-08-30T00:50:37.492820+00:00,400,20.06,
2026-08-30T00:50:37.508082+00:00,400,24.26,
2026-08-30T00:50:37.523491+00:00,400,21.64,
2026-08-30T00:50:37.538716+00:00,400,23.25,
2026-08-30T00:50:37.554117+00:00,400,21.32,
2026-08-30T00:50:37.569344+00:00,400,23.5,
2026-08-30T00:50:37.584923+00:00,400,19.71,
2026-08-30T00:50:37.599668+00:00,400,23.51,
2026-08-30T00:50:37.614863+00:00,400,19.93,
2026-08-30T00:50:37.629860+00:00,400,20.77,
2026-08-30T00:50:37.645507+00:00,400,24.82,
2026-08-30T00:50:37.661381+00:00,400,20.49,
2026-08-30T00:50:37.676692+00:00,400,21.11,
2026-08-30T00:50:37.692620+00:00,400,20.62,
2026-08-30T00:50:37.707943+00:00,400,21.09,
2026-08-30T00:50:37.724160+00:00,400,20.55,
2026-08-30T00:50:37.739858+00:00,400,23.08,
2026-08-30T00:50:37.754993+00:00,400,19.87,
2026-08-30T00:50:37.770316+00:00,400,20.94,
2026-08-30T00:50:37.786404+00:00,400,20.83,
2026-08-30T00:50:37.802031+00:00,400,20.44,
2026-08-30T00:50:37.817627+00:00,400,20.24,
2026-08-30T00:50:37.832940+00:00,400,23.55,
2026-08-30T00:50:37.847817+00:00,400,19.19,
2026-08-30T00:50:37.862885+00:00,400,20.4,
2026-08-30T00:50:37.878356+00:00,400,22.44,
2026-08-30T00:50:37.893907+00:00,400,19.91,
2026-08-30T00:50:37.909079+00:00,400,23.04,
2026-08-30T00:50:37.924392+00:00,400,20.43,
2026-08-30T00:50:37.940077+00:00,400,21.58,
2026-08-30T00:50:37.956452+00:00,400,23.06,
2026-08-30T00:50:37.972112+00:00,400,20.43,
2026-08-30T00:50:37.987559+00:00,400,19.89,
2026-08-30T00:50:38.002855+00:00,400,23.0,
2026-08-30T00:50:38.017787+00:00,400,20.66,
2026-08-30T00:50:38.032560+00:00,400,23.11,
2026-08-30T00:50:38.048557+00:00,400,20.83,
2026-08-30T00:50:38.064062+00:00,400,24.31,
2026-08-30T00:50:38.079963+00:00,400,22.06,
2026-08-30T00:50:38.096502+00:00,400,22.22,
2026-08-30T00:50:38.112978+00:00,400,23.43,
2026-08-30T00:50:38.128494+00:00,400,22.18,
2026-08-30T00:50:38.144318+00:00,400,22.74,
2026-08-30T00:50:38.159492+00:00,400,20.63,
2026-08-30T00:50:38.175013+00:00,400,21.18,
2026-08-30T00:50:38.190336+00:00,400,21.98,
2026-08-30T00:50:38.206701+00:00,400,23.57,
2026-08-30T00:50:38.222012+00:00,400,20.42,
2026-08-30T00:50:38.237718+00:00,400,20.32,
2026-08-30T00:50:38.253021+00:00,400,20.34,
2026-08-30T00:50:38.268364+00:00,400,21.44,
2026-08-30T00:50:38.283546+00:00,400,23.14,
2026-08-30T00:50:38.299034+00:00,400,19.63,
2026-08-30T00:50:38.313976+00:00,400,19.93,
2026-08-30T00:50:38.328988+00:00,400,22.67,
2026-08-30T00:50:38.343799+00:00,400,20.28,
2026-08-30T00:50:38.358925+00:00,400,21.11,
2026-08-30T00:50:38.374963+00:00,400,23.25,
2026-08-30T00:50:38.390593+00:00,400,20.48,
2026-08-30T00:50:38.405794+00:00,400,23.09,
2026-08-30T00:50:38.421329+00:00,400,22.03,
2026-08-30T00:50:38.437963+00:00,400,23.88,
2026-08-30T00:50:38.453838+00:00,400,19.99,
2026-08-30T00:50:38.468707+00:00,400,24.28,
2026-08-30T00:50:38.483924+00:00,400,20.71,
2026-08-30T00:50:38.499633+00:00,400,23.42,
2026-08-30T00:50:38.514714+00:00,400,20.18,
2026-08-30T00:50:38.530333+00:00,400,20.97,
2026-08-30T00:50:38.546446+00:00,400,20.29,
2026-08-30T00:50:38.561818+00:00,400,20.61,
2026-08-30T00:50:38.576996+00:00,400,23.17,
2026-08-30T00:50:38.592434+00:00,400,20.58,
2026-08-30T00:50:38.608362+00:00,400,20.89,
2026-08-30T00:50:38.624043+00:00,400,20.6,
2026-08-30T00:50:38.639962+00:00,400,21.37,
2026-08-30T00:50:38.655451+00:00,400,22.64,
2026-08-30T00:50:38.670463+00:00,400,20.84,
2026-08-30T00:50:38.686639+00:00,400,23.15,
2026-08-30T00:50:38.702459+00:00,400,20.4,
2026-08-30T00:50:38.717887+00:00,400,21.68,
2026-08-30T00:50:38.733958+00:00,400,22.87,
2026-08-30T00:50:38.749222+00:00,400,20.67,
2026-08-30T00:50:38.764981+00:00,400,23.23,
2026-08-30T00:50:38.779920+00:00,400,22.15,
2026-08-30T00:50:38.795600+00:00,400,22.5,
2026-08-30T00:50:38.810865+00:00,400,21.28,
2026-08-30T00:50:38.826366+00:00,400,22.4,
2026-08-30T00:50:38.841391+00:00,400,20.81,
2026-08-30T00:50:38.856685+00:00,400,20.98,
2026-08-30T00:50:38.872620+00:00,400,20.22,
2026-08-30T00:50:38.888064+00:00,400,23.62,
2026-08-30T00:50:38.903608+00:00,400,20.33,
2026-08-30T00:50:38.918586+00:00,400,23.55,
2026-08-30T00:50:38.934474+00:00,400,19.77,
2026-08-30T00:50:38.949542+00:00,400,21.26,
2026-08-30T00:50:38.965211+00:00,400,22.9,
2026-08-30T00:50:38.980617+00:00,400,21.18,
2026-08-30T00:50:38.996443+00:00,400,23.28,
2026-08-30T00:50:39.012402+00:00,400,20.84,
2026-08-30T00:50:39.027679+00:00,400,22.93,
2026-08-30T00:50:39.042937+00:00,400,20.63,
2026-08-30T00:50:39.058410+00:00,400,23.43,
2026-08-30T00:50:39.073951+00:00,400,20.4,
2026-08-30T00:50:39.089211+00:00,400,20.29,
2026-08-30T00:50:39.104500+00:00,400,20.39,
2026-08-30T00:50:39.119768+00:00,400,23.44,
2026-08-30T00:50:39.135386+00:00,400,20.94,
2026-08-30T00:50:39.151257+00:00,400,23.59,
2026-08-30T00:50:39.166533+00:00,400,20.68,
2026-08-30T00:50:39.181685+00:00,400,24.83,
2026-08-30T00:50:39.196847+00:00,400,21.48,
2026-08-30T00:50:39.211507+00:00,400,20.22,
2026-08-30T00:50:39.226936+00:00,400,21.96,
2026-08-30T00:50:39.243028+00:00,400,22.97,
2026-08-30T00:50:39.258300+00:00,400,21.58,
2026-08-30T00:50:39.274502+00:00,400,23.66,
2026-08-30T00:50:39.290518+00:00,400,20.51,
2026-08-30T00:50:39.305865+00:00,400,19.09,
2026-08-30T00:50:39.320466+00:00,400,21.06,
2026-08-30T00:50:39.336593+00:00,400,23.1,
2026-08-30T00:50:39.352183+00:00,400,20.13,
2026-08-30T00:50:39.367161+00:00,400,23.56,
2026-08-30T00:50:39.382607+00:00,400,20.57,
2026-08-30T00:50:39.397925+00:00,400,23.3,
2026-08-30T00:50:39.413499+00:00,400,20.94,
2026-08-30T00:50:39.428757+00:00,400,23.13,
2026-08-30T00:50:39.443727+00:00,400,20.08,
2026-08-30T00:50:39.458803+00:00,400,23.12,
2026-08-30T00:50:39.474311+00:00,400,20.91,
2026-08-30T00:50:39.489510+00:00,400,23.52,
2026-08-30T00:50:39.505071+00:00,400,20.18,
2026-08-30T00:50:39.520485+00:00,400,20.33,
2026-08-30T00:50:39.535750+00:00,400,19.52,
2026-08-30T00:50:39.550687+00:00,400,21.53,
2026-08-30T00:50:39.566638+00:00,400,24.94,
2026-08-30T00:50:39.582101+00:00,400,20.46,
2026-08-30T00:50:39.597941+00:00,400,22.57,
2026-08-30T00:50:39.612660+00:00,400,19.75,
2026-08-30T00:50:39.627578+00:00,400,19.89,
2026-08-30T00:50:39.642878+00:00,400,22.72,
2026-08-30T00:50:39.657851+00:00,400,20.21,
2026-08-30T00:50:39.672784+00:00,400,20.22,
2026-08-30T00:50:39.688028+00:00,400,20.1,
2026-08-30T00:50:39.703311+00:00,400,23.17,
2026-08-30T00:50:39.718438+00:00,400,19.91,
2026-08-30T00:50:39.733717+00:00,400,20.88,
2026-08-30T00:50:39.748978+00:00,400,23.13,
2026-08-30T00:50:39.763974+00:00,400,20.48,
2026-08-30T00:50:39.779349+00:00,400,20.89,
2026-08-30T00:50:39.795490+00:00,400,21.01,
2026-08-30T00:50:39.810914+00:00,400,20.95,
2026-08-30T00:50:39.826730+00:00,400,23.64,
2026-08-30T00:50:39.842098+00:00,400,20.63,
2026-08-30T00:50:39.857609+00:00,400,21.22,
2026-08-30T00:50:39.873531+00:00,400,21.06,
2026-08-30T00:50:39.889332+00:00,400,22.99,
2026-08-30T00:50:39.904079+00:00,400,20.58,
2026-08-30T00:50:39.919372+00:00,400,23.71,
2026-08-30T00:50:39.935080+00:00,400,20.96,
2026-08-30T00:50:39.950777+00:00,400,20.81,
2026-08-30T00:50:39.966763+00:00,400,20.39,
2026-08-30T00:50:39.982230+00:00,400,20.35,
2026-08-30T00:50:39.997872+00:00,400,23.57,
2026-08-30T00:50:40.013220+00:00,400,20.15,
2026-08-30T00:50:40.028527+00:00,400,20.87,
2026-08-30T00:50:40.044274+00:00,400,20.71,
2026-08-30T00:50:40.060041+00:00,400,23.63,
2026-08-30T00:50:40.075248+00:00,400,19.85,
2026-08-30T00:50:40.090575+00:00,400,20.69,
2026-08-30T00:50:40.106378+00:00,400,21.3,
2026-08-30T00:50:40.122801+00:00,400,20.23,
2026-08-30T00:50:40.137938+00:00,400,20.67,
2026-08-30T00:50:40.153939+00:00,400,20.31,
2026-08-30T00:50:40.169593+00:00,400,20.33,
2026-08-30T00:50:40.185006+00:00,400,20.71,
2026-08-30T00:50:40.200395+00:00,400,21.44,
2026-08-30T00:50:40.216756+00:00,400,22.49,
2026-08-30T00:50:40.231577+00:00,400,19.76,
2026-08-30T00:50:40.246776+00:00,400,20.77,
2026-08-30T00:50:40.261698+00:00,400,22.04,
2026-08-30T00:50:40.277518+00:00,400,19.69,
2026-08-30T00:50:40.292563+00:00,400,19.68,
2026-08-30T00:50:40.307762+00:00,400,20.49,
2026-08-30T00:50:40.323014+00:00,400,20.8,
2026-08-30T00:50:40.339157+00:00,400,20.03,
2026-08-30T00:50:40.354735+00:00,400,23.06,
2026-08-30T00:50:40.369597+00:00,400,20.25,
2026-08-30T00:50:40.385216+00:00,400,22.64,
2026-08-30T00:50:40.400366+00:00,400,20.75,
2026-08-30T00:50:40.416558+00:00,400,22.14,
2026-08-30T00:50:40.431666+00:00,400,20.62,
2026-08-30T00:50:40.447710+00:00,400,19.75,
2026-08-30T00:50:40.462970+00:00,400,21.56,
2026-08-30T00:50:40.477713+00:00,400,22.0,
2026-08-30T00:50:40.492606+00:00,400,24.82,
2026-08-30T00:50:40.507930+00:00,400,19.21,
2026-08-30T00:50:40.522828+00:00,400,22.29,
2026-08-30T00:50:40.537454+00:00,400,19.26,
2026-08-30T00:50:40.552470+00:00,400,20.24,
2026-08-30T00:50:40.568205+00:00,400,20.82,
2026-08-30T00:50:40.584043+00:00,400,21.8,
2026-08-30T00:50:40.599368+00:00,400,19.29,
2026-08-30T00:50:40.614362+00:00,400,19.82,
2026-08-30T00:50:40.629617+00:00,400,20.33,
2026-08-30T00:50:40.645288+00:00,400,22.36,
2026-08-30T00:50:40.660700+00:00,400,20.58,
2026-08-30T00:50:40.675508+00:00,400,23.94,
2026-08-30T00:50:40.691031+00:00,400,20.79,
2026-08-30T00:50:40.706813+00:00,400,22.13,
2026-08-30T00:50:40.721823+00:00,400,20.42,
2026-08-30T00:50:40.737663+00:00,400,20.92,
2026-08-30T00:50:40.752675+00:00,400,26.21,
2026-08-30T00:50:40.767915+00:00,400,21.4,
2026-08-30T00:50:40.783300+00:00,400,22.9,
2026-08-30T00:50:40.798389+00:00,400,20.49,
2026-08-30T00:50:40.814301+00:00,400,20.75,
2026-08-30T00:50:40.829679+00:00,400,24.01,
2026-08-30T00:50:40.845644+00:00,400,20.0,
2026-08-30T00:50:40.860629+00:00,400,20.85,
2026-08-30T00:50:40.876537+00:00,400,23.46,
2026-08-30T00:50:40.891627+00:00,400,20.42,
2026-08-30T00:50:40.906790+00:00,400,23.45,
2026-08-30T00:50:40.921781+00:00,400,20.89,
2026-08-30T00:50:40.936644+00:00,400,20.64,
2026-08-30T00:50:40.952147+00:00,400,19.93,
2026-08-30T00:50:40.967481+00:00,400,23.0,
2026-08-30T00:50:40.982545+00:00,400,20.59,
2026-08-30T00:50:40.997876+00:00,400,22.67,
2026-08-30T00:50:41.012551+00:00,400,25.9,
2026-08-30T00:50:41.027919+00:00,400,35.72,
2026-08-30T00:50:41.043101+00:00,400,22.66,
2026-08-30T00:50:41.058756+00:00,400,22.53,
2026-08-30T00:50:41.073517+00:00,400,20.52,
2026-08-30T00:50:41.088988+00:00,400,22.65,
2026-08-30T00:50:41.103667+00:00,400,21.3,
2026-08-30T00:50:41.119567+00:00,400,20.61,
2026-08-30T00:50:41.134870+00:00,400,22.68,
2026-08-30T00:50:41.149747+00:00,400,20.32,
2026-08-30T00:50:41.165396+00:00,400,22.01,
2026-08-30T00:50:41.181244+00:00,400,23.75,
2026-08-30T00:50:41.196508+00:00,400,21.53,
2026-08-30T00:50:41.212193+00:00,400,23.96,
2026-08-30T00:50:41.227793+00:00,400,21.16,
2026-08-30T00:50:41.243685+00:00,400,23.21,
2026-08-30T00:50:41.258494+00:00,400,21.52,
2026-08-30T00:50:41.274186+00:00,400,25.49,
2026-08-30T00:50:41.289766+00:00,400,21.29,
2026-08-30T00:50:41.305136+00:00,400,22.92,
2026-08-30T00:50:41.319514+00:00,400,20.75,
2026-08-30T00:50:41.334900+00:00,400,21.08,
2026-08-30T00:50:41.351104+00:00,400,23.34,
2026-08-30T00:50:41.366648+00:00,400,21.64,
2026-08-30T00:50:41.382599+00:00,400,22.71,
2026-08-30T00:50:41.397750+00:00,400,19.9,
2026-08-30T00:50:41.412637+00:00,400,19.98,
2026-08-30T00:50:41.427849+00:00,400,20.01,
2026-08-30T00:50:41.442799+00:00,400,23.82,
2026-08-30T00:50:41.457696+00:00,400,20.24,
2026-08-30T00:50:41.473111+00:00,400,20.78,
2026-08-30T00:50:41.489473+00:00,400,20.39,
2026-08-30T00:50:41.504855+00:00,400,23.16,
2026-08-30T00:50:41.520293+00:00,400,20.59,
2026-08-30T00:50:41.536310+00:00,400,20.65,
2026-08-30T00:50:41.551855+00:00,400,19.71,
2026-08-30T00:50:41.567122+00:00,400,21.26,
2026-08-30T00:50:41.582653+00:00,400,19.58,
2026-08-30T00:50:41.597869+00:00,400,21.5,
2026-08-30T00:50:41.613944+00:00,400,23.64,
2026-08-30T00:50:41.629342+00:00,400,20.77,
2026-08-30T00:50:41.645036+00:00,400,20.54,
2026-08-30T00:50:41.660646+00:00,400,20.77,
2026-08-30T00:50:41.676256+00:00,400,20.86,
2026-08-30T00:50:41.691848+00:00,400,22.27,
2026-08-30T00:50:41.706798+00:00,400,20.7,
2026-08-30T00:50:41.722761+00:00,400,22.29,
2026-08-30T00:50:41.738198+00:00,400,19.76,
2026-08-30T00:50:41.753459+00:00,400,21.2,
2026-08-30T00:50:41.768970+00:00,400,23.29,
2026-08-30T00:50:41.784428+00:00,400,21.75,
2026-08-30T00:50:41.800350+00:00,400,19.98,
2026-08-30T00:50:41.815844+00:00,400,21.01,
2026-08-30T00:50:41.831592+00:00,400,21.5,
2026-08-30T00:50:41.848075+00:00,400,24.13,
2026-08-30T00:50:41.863629+00:00,400,20.64,
2026-08-30T00:50:41.879522+00:00,400,20.84,
2026-08-30T00:50:41.895571+00:00,400,20.81,
2026-08-30T00:50:41.911495+00:00,400,22.85,
2026-08-30T00:50:41.926483+00:00,400,19.47,
2026-08-30T00:50:41.941541+00:00,400,20.62,
2026-08-30T00:50:41.956541+00:00,400,21.82,
2026-08-30T00:50:41.971777+00:00,400,20.72,
2026-08-30T00:50:41.987653+00:00,400,19.96,
2026-08-30T00:50:42.003220+00:00,400,20.24,
2026-08-30T00:50:42.018621+00:00,400,19.9,
2026-08-30T00:50:42.033869+00:00,400,19.96,
2026-08-30T00:50:42.049462+00:00,400,19.49,
2026-08-30T00:50:42.064565+00:00,400,21.03,
2026-08-30T00:50:42.080112+00:00,400,21.16,
2026-08-30T00:50:42.095061+00:00,400,20.36,
2026-08-30T00:50:42.110820+00:00,400,20.0,
2026-08-30T00:50:42.126500+00:00,400,19.93,
2026-08-30T00:50:42.142035+00:00,400,21.26,
2026-08-30T00:50:42.157510+00:00,400,22.7,
2026-08-30T00:50:42.172920+00:00,400,20.97,
2026-08-30T00:50:42.188289+00:00,400,24.1,
2026-08-30T00:50:42.203989+00:00,400,21.13,
2026-08-30T00:50:42.219412+00:00,400,24.38,
2026-08-30T00:50:42.234968+00:00,400,20.35,
2026-08-30T00:50:42.250071+00:00,400,22.05,
2026-08-30T00:50:42.266892+00:00,400,23.17,
2026-08-30T00:50:42.281878+00:00,400,21.67,
2026-08-30T00:50:42.297934+00:00,400,21.02,
2026-08-30T00:50:42.313995+00:00,400,20.08,
2026-08-30T00:50:42.328843+00:00,400,23.4,
2026-08-30T00:50:42.343864+00:00,400,20.28,
2026-08-30T00:50:42.359372+00:00,400,20.72,
2026-08-30T00:50:42.375544+00:00,400,20.27,
2026-08-30T00:50:42.391348+00:00,400,20.02,
2026-08-30T00:50:42.406812+00:00,400,20.76,
2026-08-30T00:50:42.422816+00:00,400,22.57,
2026-08-30T00:50:42.438646+00:00,400,23.37,
2026-08-30T00:50:42.454085+00:00,400,21.13,
2026-08-30T00:50:42.470406+00:00,400,21.3,
2026-08-30T00:50:42.486561+00:00,400,24.85,
2026-08-30T00:50:42.502547+00:00,400,20.68,
2026-08-30T00:50:42.517923+00:00,400,24.03,
2026-08-30T00:50:42.533680+00:00,400,20.28,
2026-08-30T00:50:42.549482+00:00,400,20.5,
2026-08-30T00:50:42.565209+00:00,400,20.76,
2026-08-30T00:50:42.580994+00:00,400,20.8,
2026-08-30T00:50:42.596657+00:00,400,22.83,
2026-08-30T00:50:42.612199+00:00,400,20.83,
2026-08-30T00:50:42.627991+00:00,400,20.56,
2026-08-30T00:50:42.643965+00:00,400,20.38,
2026-08-30T00:50:42.659612+00:00,400,22.38,
2026-08-30T00:50:42.674608+00:00,400,20.87,
2026-08-30T00:50:42.689899+00:00,400,24.41,
2026-08-30T00:50:42.705341+00:00,400,22.88,
2026-08-30T00:50:42.720884+00:00,400,23.37,
2026-08-30T00:50:42.736476+00:00,400,19.46,
2026-08-30T00:50:42.751266+00:00,400,20.87,
2026-08-30T00:50:42.766736+00:00,400,23.79,
2026-08-30T00:50:42.781511+00:00,400,21.62,
2026-08-30T00:50:42.797461+00:00,400,23.68,
2026-08-30T00:50:42.811897+00:00,400,20.55,
2026-08-30T00:50:42.827368+00:00,400,21.47,
2026-08-30T00:50:42.843386+00:00,400,20.21,
2026-08-30T00:50:42.858807+00:00,400,20.7,
2026-08-30T00:50:42.874554+00:00,400,20.53,
2026-08-30T00:50:42.890244+00:00,400,20.94,
2026-08-30T00:50:42.906464+00:00,400,21.06,
2026-08-30T00:50:42.922381+00:00,400,23.08,
2026-08-30T00:50:42.937480+00:00,400,20.39,
2026-08-30T00:50:42.953253+00:00,400,21.16,
2026-08-30T00:50:42.968947+00:00,400,24.24,
2026-08-30T00:50:42.985087+00:00,400,20.61,
2026-08-30T00:50:43.000771+00:00,400,23.72,
2026-08-30T00:50:43.016427+00:00,400,19.91,
2026-08-30T00:50:43.031520+00:00,400,22.98,
2026-08-30T00:50:43.046598+00:00,400,20.15,
2026-08-30T00:50:43.061242+00:00,400,20.36,
2026-08-30T00:50:43.076670+00:00,400,20.07,
2026-08-30T00:50:43.091861+00:00,400,22.83,
2026-08-30T00:50:43.106634+00:00,400,19.63,
2026-08-30T00:50:43.121662+00:00,400,22.72,
2026-08-30T00:50:43.136669+00:00,400,21.26,
2026-08-30T00:50:43.151967+00:00,400,23.57,
2026-08-30T00:50:43.167607+00:00,400,21.73,
2026-08-30T00:50:43.183077+00:00,400,23.46,
2026-08-30T00:50:43.198957+00:00,400,21.51,
2026-08-30T00:50:43.214558+00:00,400,23.73,
2026-08-30T00:50:43.229613+00:00,400,20.95,
2026-08-30T00:50:43.244724+00:00,400,23.07,
2026-08-30T00:50:43.259576+00:00,400,20.54,
2026-08-30T00:50:43.274639+00:00,400,23.04,
2026-08-30T00:50:43.289856+00:00,400,21.56,
2026-08-30T00:50:43.305893+00:00,400,23.47,
2026-08-30T00:50:43.320780+00:00,400,20.85,
2026-08-30T00:50:43.336728+00:00,400,20.07,
2026-08-30T00:50:43.351785+00:00,400,23.59,
2026-08-30T00:50:43.367710+00:00,400,20.09,
2026-08-30T00:50:43.382892+00:00,400,22.66,
2026-08-30T00:50:43.398112+00:00,400,20.47,
2026-08-30T00:50:43.413871+00:00,400,20.9,
2026-08-30T00:50:43.428391+00:00,400,20.21,
2026-08-30T00:50:43.443769+00:00,400,19.39,
2026-08-30T00:50:43.458381+00:00,400,19.79,
2026-08-30T00:50:43.473610+00:00,400,19.18,
2026-08-30T00:50:43.488715+00:00,400,19.51,
2026-08-30T00:50:43.503719+00:00,400,21.22,
2026-08-30T00:50:43.518542+00:00,400,20.7,
2026-08-30T00:50:43.533720+00:00,400,21.91,
2026-08-30T00:50:43.550357+00:00,400,21.81,
2026-08-30T00:50:43.564940+00:00,400,20.6,
2026-08-30T00:50:43.581083+00:00,400,21.81,
2026-08-30T00:50:43.596632+00:00,400,21.98,
2026-08-30T00:50:43.611643+00:00,400,19.13,
2026-08-30T00:50:43.626604+00:00,400,22.79,
2026-08-30T00:50:43.641802+00:00,400,19.89,
2026-08-30T00:50:43.657652+00:00,400,21.77,
2026-08-30T00:50:43.672644+00:00,400,19.76,
2026-08-30T00:50:43.687745+00:00,400,22.35,
2026-08-30T00:50:43.703173+00:00,400,19.53,
2026-08-30T00:50:43.718334+00:00,400,20.22,
2026-08-30T00:50:43.733586+00:00,400,21.6,
2026-08-30T00:50:43.748432+00:00,400,21.64,
2026-08-30T00:50:43.763779+00:00,400,22.83,
2026-08-30T00:50:43.778823+00:00,400,21.33,
2026-08-30T00:50:43.794715+00:00,400,23.12,
2026-08-30T00:50:43.809617+00:00,400,20.0,
2026-08-30T00:50:43.824522+00:00,400,20.06,
2026-08-30T00:50:43.839830+00:00,400,23.88,
2026-08-30T00:50:43.855533+00:00,400,35.35,
2026-08-30T00:50:43.870692+00:00,400,22.24,
2026-08-30T00:50:43.885630+00:00,400,23.2,
2026-08-30T00:50:43.901103+00:00,400,19.98,
2026-08-30T00:50:43.916467+00:00,400,20.27,
2026-08-30T00:50:43.932056+00:00,400,21.03,
2026-08-30T00:50:43.948364+00:00,400,21.75,
2026-08-30T00:50:43.963995+00:00,400,23.49,
2026-08-30T00:50:43.979611+00:00,400,20.6,
2026-08-30T00:50:43.995073+00:00,400,20.48,
2026-08-30T00:50:44.010641+00:00,400,22.12,
2026-08-30T00:50:44.025542+00:00,400,20.64,
2026-08-30T00:50:44.040792+00:00,400,21.54,
2026-08-30T00:50:44.056849+00:00,400,21.99,
2026-08-30T00:50:44.071640+00:00,400,21.03,
2026-08-30T00:50:44.087839+00:00,400,21.99,
2026-08-30T00:50:44.103770+00:00,400,20.79,
2026-08-30T00:50:44.119831+00:00,400,22.8,
2026-08-30T00:50:44.135266+00:00,400,19.65,
2026-08-30T00:50:44.150531+00:00,400,21.1,
2026-08-30T00:50:44.166879+00:00,400,21.98,
2026-08-30T00:50:44.181500+00:00,400,21.86,
2026-08-30T00:50:44.196583+00:00,400,23.11,
2026-08-30T00:50:44.212041+00:00,400,20.77,
2026-08-30T00:50:44.228049+00:00,400,20.18,
2026-08-30T00:50:44.243566+00:00,400,20.84,
2026-08-30T00:50:44.258574+00:00,400,20.98,
2026-08-30T00:50:44.274480+00:00,400,19.51,
2026-08-30T00:50:44.289544+00:00,400,19.87,
2026-08-30T00:50:44.304761+00:00,400,20.87,
2026-08-30T00:50:44.320976+00:00,400,22.38,
2026-08-30T00:50:44.336584+00:00,400,22.85,
2026-08-30T00:50:44.351737+00:00,400,20.17,
2026-08-30T00:50:44.366758+00:00,400,22.26,
2026-08-30T00:50:44.383281+00:00,400,24.15,
2026-08-30T00:50:44.398792+00:00,400,20.72,
2026-08-30T00:50:44.414362+00:00,400,21.05,
2026-08-30T00:50:44.430388+00:00,400,22.12,
2026-08-30T00:50:44.446693+00:00,400,23.55,
2026-08-30T00:50:44.462145+00:00,400,21.93,
2026-08-30T00:50:44.477851+00:00,400,23.69,
2026-08-30T00:50:44.493489+00:00,400,20.48,
2026-08-30T00:50:44.508973+00:00,400,22.17,
2026-08-30T00:50:44.525013+00:00,400,21.76,
2026-08-30T00:50:44.540494+00:00,400,22.26,
2026-08-30T00:50:44.556735+00:00,400,22.85,
2026-08-30T00:50:44.571727+00:00,400,20.84,
2026-08-30T00:50:44.586769+00:00,400,23.77,
2026-08-30T00:50:44.602121+00:00,400,20.01,
2026-08-30T00:50:44.617347+00:00,400,20.46,
2026-08-30T00:50:44.633246+00:00,400,21.17,
2026-08-30T00:50:44.649365+00:00,400,22.73,
2026-08-30T00:50:44.664704+00:00,400,20.62,
2026-08-30T00:50:44.680286+00:00,400,20.8,
2026-08-30T00:50:44.695589+00:00,400,23.7,
2026-08-30T00:50:44.711059+00:00,400,20.5,
2026-08-30T00:50:44.726750+00:00,400,23.53,
2026-08-30T00:50:44.742206+00:00,400,20.26,
2026-08-30T00:50:44.756999+00:00,400,21.96,
2026-08-30T00:50:44.773271+00:00,400,22.74,
2026-08-30T00:50:44.788029+00:00,400,21.01,
2026-08-30T00:50:44.803676+00:00,400,23.16,
2026-08-30T00:50:44.818560+00:00,400,20.58,
2026-08-30T00:50:44.833596+00:00,400,24.64,
2026-08-30T00:50:44.848891+00:00,400,20.84,
2026-08-30T00:50:44.864180+00:00,400,25.04,
2026-08-30T00:50:44.879875+00:00,400,20.69,
2026-08-30T00:50:44.895165+00:00,400,21.04,
2026-08-30T00:50:44.911219+00:00,400,20.44,
2026-08-30T00:50:44.926674+00:00,400,23.8,
2026-08-30T00:50:44.941918+00:00,400,24.49,
2026-08-30T00:50:44.958160+00:00,400,23.79,
2026-08-30T00:50:44.973773+00:00,400,20.56,
2026-08-30T00:50:44.989372+00:00,400,20.46,
2026-08-30T00:50:45.004588+00:00,400,22.04,
2026-08-30T00:50:45.019351+00:00,400,20.68,
2026-08-30T00:50:45.035214+00:00,400,20.8,
2026-08-30T00:50:45.051202+00:00,400,22.95,
2026-08-30T00:50:45.066534+00:00,400,20.81,
2026-08-30T00:50:45.081907+00:00,400,23.79,
2026-08-30T00:50:45.097760+00:00,400,21.09,
2026-08-30T00:50:45.113614+00:00,400,24.89,
2026-08-30T00:50:45.128479+00:00,400,20.86,
2026-08-30T00:50:45.143679+00:00,400,22.88,
2026-08-30T00:50:45.158749+00:00,400,20.09,
2026-08-30T00:50:45.174349+00:00,400,20.51,
2026-08-30T00:50:45.189903+00:00,400,21.35,
2026-08-30T00:50:45.206391+00:00,400,23.48,
2026-08-30T00:50:45.221738+00:00,400,21.07,
2026-08-30T00:50:45.238141+00:00,400,20.66,
2026-08-30T00:50:45.253644+00:00,400,23.43,
2026-08-30T00:50:45.268783+00:00,400,20.9,
2026-08-30T00:50:45.284092+00:00,400,22.91,
2026-08-30T00:50:45.299130+00:00,400,20.18,
2026-08-30T00:50:45.314776+00:00,400,23.92,
2026-08-30T00:50:45.329810+00:00,400,21.05,
2026-08-30T00:50:45.345385+00:00,400,23.05,
2026-08-30T00:50:45.360675+00:00,400,19.69,
2026-08-30T00:50:45.375994+00:00,400,19.81,
2026-08-30T00:50:45.391121+00:00,400,22.07,
2026-08-30T00:50:45.406765+00:00,400,23.95,
2026-08-30T00:50:45.421651+00:00,400,20.53,
2026-08-30T00:50:45.436413+00:00,400,25.91,
2026-08-30T00:50:45.451875+00:00,400,24.68,
2026-08-30T00:50:45.466850+00:00,400,21.15,
2026-08-30T00:50:45.482137+00:00,400,23.14,
2026-08-30T00:50:45.497582+00:00,400,20.46,
2026-08-30T00:50:45.513098+00:00,400,19.99,
2026-08-30T00:50:45.528573+00:00,400,19.73,
2026-08-30T00:50:45.543968+00:00,400,19.88,
2026-08-30T00:50:45.559658+00:00,400,22.54,
2026-08-30T00:50:45.574716+00:00,400,19.42,
2026-08-30T00:50:45.589540+00:00,400,20.62,
2026-08-30T00:50:45.605224+00:00,400,22.52,
2026-08-30T00:50:45.620288+00:00,400,19.7,
2026-08-30T00:50:45.635574+00:00,400,19.78,
2026-08-30T00:50:45.650681+00:00,400,20.38,
2026-08-30T00:50:45.666264+00:00,400,19.79,
2026-08-30T00:50:45.681582+00:00,400,19.97,
2026-08-30T00:50:45.696716+00:00,400,19.8,
2026-08-30T00:50:45.711548+00:00,400,19.87,
2026-08-30T00:50:45.726741+00:00,400,22.41,
2026-08-30T00:50:45.741625+00:00,400,19.45,
2026-08-30T00:50:45.756370+00:00,400,20.07,
2026-08-30T00:50:45.772180+00:00,400,22.64,
2026-08-30T00:50:45.787367+00:00,400,20.36,
2026-08-30T00:50:45.803088+00:00,400,21.61,
2026-08-30T00:50:45.818045+00:00,400,20.07,
2026-08-30T00:50:45.833590+00:00,400,20.52,
2026-08-30T00:50:45.849389+00:00,400,21.47,
2026-08-30T00:50:45.865327+00:00,400,22.15,
2026-08-30T00:50:45.880495+00:00,400,20.0,
2026-08-30T00:50:45.895500+00:00,400,24.08,
2026-08-30T00:50:45.911132+00:00,400,19.76,
2026-08-30T00:50:45.926104+00:00,400,22.7,
2026-08-30T00:50:45.941119+00:00,400,20.05,
2026-08-30T00:50:45.956265+00:00,400,20.4,
2026-08-30T00:50:45.971816+00:00,400,23.73,
2026-08-30T00:50:45.987326+00:00,400,21.23,
2026-08-30T00:50:46.003373+00:00,400,23.08,
2026-08-30T00:50:46.018390+00:00,400,20.67,
2026-08-30T00:50:46.034059+00:00,400,20.78,
2026-08-30T00:50:46.049999+00:00,400,21.54,
2026-08-30T00:50:46.066468+00:00,400,23.49,
2026-08-30T00:50:46.081745+00:00,400,20.96,
2026-08-30T00:50:46.098230+00:00,400,20.83,
2026-08-30T00:50:46.114188+00:00,400,20.19,
2026-08-30T00:50:46.129901+00:00,400,20.6,
2026-08-30T00:50:46.145078+00:00,400,21.66,
2026-08-30T00:50:46.159572+00:00,400,21.2,
2026-08-30T00:50:46.175328+00:00,400,23.51,
2026-08-30T00:50:46.190481+00:00,400,21.65,
2026-08-30T00:50:46.206578+00:00,400,23.91,
2026-08-30T00:50:46.222065+00:00,400,20.98,
2026-08-30T00:50:46.237713+00:00,400,21.52,
2026-08-30T00:50:46.253875+00:00,400,22.91,
2026-08-30T00:50:46.268578+00:00,400,21.62,
2026-08-30T00:50:46.283800+00:00,400,20.69,
2026-08-30T00:50:46.298829+00:00,400,23.33,
2026-08-30T00:50:46.314244+00:00,400,20.4,
2026-08-30T00:50:46.329287+00:00,400,22.61,
2026-08-30T00:50:46.345520+00:00,400,23.34,
2026-08-30T00:50:46.360686+00:00,400,20.6,
2026-08-30T00:50:46.375856+00:00,400,23.96,
2026-08-30T00:50:46.390753+00:00,400,21.1,
2026-08-30T00:50:46.406590+00:00,400,20.72,
2026-08-30T00:50:46.422220+00:00,400,21.22,
2026-08-30T00:50:46.438044+00:00,400,20.88,
2026-08-30T00:50:46.454377+00:00,400,26.33,
2026-08-30T00:50:46.469754+00:00,400,23.63,
2026-08-30T00:50:46.484969+00:00,400,25.1,
2026-08-30T00:50:46.499957+00:00,400,22.15,
2026-08-30T00:50:46.515273+00:00,400,27.2,
2026-08-30T00:50:46.531234+00:00,400,20.27,
2026-08-30T00:50:46.542614+00:00,400,24.61,
2026-08-30T00:50:46.561900+00:00,400,20.92,
2026-08-30T00:50:46.577895+00:00,400,21.81,
2026-08-30T00:50:46.593940+00:00,400,23.77,
2026-08-30T00:50:46.609332+00:00,400,19.88,
2026-08-30T00:50:46.624227+00:00,400,20.56,
2026-08-30T00:50:46.640183+00:00,400,21.4,
2026-08-30T00:50:46.656825+00:00,400,20.95,
2026-08-30T00:50:46.673030+00:00,400,23.6,
2026-08-30T00:50:46.688561+00:00,400,22.99,
2026-08-30T00:50:46.704091+00:00,400,20.9,
2026-08-30T00:50:46.720069+00:00,400,20.31,
2026-08-30T00:50:46.735566+00:00,400,20.34,
2026-08-30T00:50:46.751294+00:00,400,21.18,
2026-08-30T00:50:46.768025+00:00,400,20.23,
2026-08-30T00:50:46.783185+00:00,400,20.32,
2026-08-30T00:50:46.799068+00:00,400,20.65,
2026-08-30T00:50:46.814988+00:00,400,23.11,
2026-08-30T00:50:46.830047+00:00,400,21.27,
2026-08-30T00:50:46.846072+00:00,400,24.58,
2026-08-30T00:50:46.861095+00:00,400,21.05,
2026-08-30T00:50:46.876615+00:00,400,19.61,
2026-08-30T00:50:46.891573+00:00,400,22.78,
2026-08-30T00:50:46.906508+00:00,400,19.61,
2026-08-30T00:50:46.921477+00:00,400,20.55,
2026-08-30T00:50:46.936782+00:00,400,20.46,
2026-08-30T00:50:46.952096+00:00,400,23.02,
2026-08-30T00:50:46.967512+00:00,400,20.26,
2026-08-30T00:50:46.982952+00:00,400,21.81,
2026-08-30T00:50:46.997378+00:00,400,20.54,
2026-08-30T00:50:47.012981+00:00,400,20.95,
2026-08-30T00:50:47.028733+00:00,400,23.39,
2026-08-30T00:50:47.044189+00:00,400,20.73,
2026-08-30T00:50:47.059480+00:00,400,20.76,
2026-08-30T00:50:47.075240+00:00,400,20.8,
2026-08-30T00:50:47.091370+00:00,400,22.62,
2026-08-30T00:50:47.106330+00:00,400,20.65,
2026-08-30T00:50:47.122180+00:00,400,21.47,
2026-08-30T00:50:47.137748+00:00,400,23.9,
2026-08-30T00:50:47.152985+00:00,400,19.25,
2026-08-30T00:50:47.167751+00:00,400,20.65,
2026-08-30T00:50:47.183388+00:00,400,22.66,
2026-08-30T00:50:47.198719+00:00,400,20.39,
2026-08-30T00:50:47.214497+00:00,400,21.79,
2026-08-30T00:50:47.229661+00:00,400,21.61,
2026-08-30T00:50:47.246181+00:00,400,22.79,
2026-08-30T00:50:47.261556+00:00,400,19.75,
2026-08-30T00:50:47.276602+00:00,400,20.32,
2026-08-30T00:50:47.291616+00:00,400,19.98,
2026-08-30T00:50:47.306829+00:00,400,20.63,
2026-08-30T00:50:47.322612+00:00,400,19.25,
2026-08-30T00:50:47.337620+00:00,400,21.02,
2026-08-30T00:50:47.352637+00:00,400,20.53,
2026-08-30T00:50:47.368593+00:00,400,22.85,
2026-08-30T00:50:47.383193+00:00,400,20.0,
2026-08-30T00:50:47.398750+00:00,400,21.1,
2026-08-30T00:50:47.414711+00:00,400,23.44,
2026-08-30T00:50:47.430551+00:00,400,19.98,
2026-08-30T00:50:47.445975+00:00,400,22.42,
2026-08-30T00:50:47.460787+00:00,400,20.81,
2026-08-30T00:50:47.476518+00:00,400,23.43,
2026-08-30T00:50:47.492876+00:00,400,24.66,
2026-08-30T00:50:47.507598+00:00,400,23.61,
2026-08-30T00:50:47.522831+00:00,400,21.17,
2026-08-30T00:50:47.538281+00:00,400,23.88,
2026-08-30T00:50:47.554004+00:00,400,21.18,
2026-08-30T00:50:47.569905+00:00,400,24.16,
2026-08-30T00:50:47.585530+00:00,400,21.38,
2026-08-30T00:50:47.601118+00:00,400,24.67,
2026-08-30T00:50:47.616571+00:00,400,21.65,
2026-08-30T00:50:47.632370+00:00,400,24.25,
2026-08-30T00:50:47.647753+00:00,400,20.57,
2026-08-30T00:50:47.662437+00:00,400,24.08,
2026-08-30T00:50:47.678266+00:00,400,20.36,
2026-08-30T00:50:47.693580+00:00,400,23.39,
2026-08-30T00:50:47.708863+00:00,400,20.43,
2026-08-30T00:50:47.724493+00:00,400,20.32,
2026-08-30T00:50:47.739691+00:00,400,24.47,
2026-08-30T00:50:47.754712+00:00,400,20.41,
2026-08-30T00:50:47.769845+00:00,400,21.54,
2026-08-30T00:50:47.786430+00:00,400,24.16,
2026-08-30T00:50:47.802248+00:00,400,22.5,
2026-08-30T00:50:47.817994+00:00,400,24.54,
2026-08-30T00:50:47.833125+00:00,400,20.89,
2026-08-30T00:50:47.848983+00:00,400,23.57,
2026-08-30T00:50:47.864421+00:00,400,20.07,
2026-08-30T00:50:47.879556+00:00,400,20.29,
2026-08-30T00:50:47.894414+00:00,400,24.45,
2026-08-30T00:50:47.910330+00:00,400,19.97,
2026-08-30T00:50:47.925290+00:00,400,23.03,
2026-08-30T00:50:47.940469+00:00,400,19.99,
2026-08-30T00:50:47.955406+00:00,400,20.72,
2026-08-30T00:50:47.971122+00:00,400,20.31,
2026-08-30T00:50:47.986489+00:00,400,20.5,
2026-08-30T00:50:48.002225+00:00,400,20.99,
2026-08-30T00:50:48.018489+00:00,400,20.11,
2026-08-30T00:50:48.033614+00:00,400,23.34,
2026-08-30T00:50:48.048775+00:00,400,20.67,
2026-08-30T00:50:48.064317+00:00,400,20.07,
2026-08-30T00:50:48.079854+00:00,400,20.51,
2026-08-30T00:50:48.095709+00:00,400,22.4,
2026-08-30T00:50:48.110775+00:00,400,19.32,
2026-08-30T00:50:48.125599+00:00,400,22.56,
2026-08-30T00:50:48.140458+00:00,400,20.35,
2026-08-30T00:50:48.156351+00:00,400,20.0,
2026-08-30T00:50:48.171858+00:00,400,20.83,
2026-08-30T00:50:48.187526+00:00,400,22.94,
2026-08-30T00:50:48.202790+00:00,400,20.48,
2026-08-30T00:50:48.219050+00:00,400,19.92,
2026-08-30T00:50:48.233983+00:00,400,20.41,
2026-08-30T00:50:48.249397+00:00,400,21.39,
2026-08-30T00:50:48.265389+00:00,400,23.68,
2026-08-30T00:50:48.281340+00:00,400,20.92,
2026-08-30T00:50:48.296484+00:00,400,22.63,
2026-08-30T00:50:48.311414+00:00,400,20.15,
2026-08-30T00:50:48.326464+00:00,400,23.97,
2026-08-30T00:50:48.342321+00:00,400,20.2,
2026-08-30T00:50:48.357610+00:00,400,20.28,
2026-08-30T00:50:48.373070+00:00,400,20.6,
2026-08-30T00:50:48.388796+00:00,400,21.6,
2026-08-30T00:50:48.404844+00:00,400,22.52,
2026-08-30T00:50:48.420534+00:00,400,20.2,
2026-08-30T00:50:48.435591+00:00,400,22.14,
2026-08-30T00:50:48.450564+00:00,400,19.66,
2026-08-30T00:50:48.465813+00:00,400,20.28,
2026-08-30T00:50:48.481381+00:00,400,21.62,
2026-08-30T00:50:48.496440+00:00,400,19.97,
2026-08-30T00:50:48.511851+00:00,400,19.65,
2026-08-30T00:50:48.526747+00:00,400,20.96,
2026-08-30T00:50:48.542067+00:00,400,23.1,
2026-08-30T00:50:48.557694+00:00,400,22.12,
2026-08-30T00:50:48.573249+00:00,400,22.54,
2026-08-30T00:50:48.588266+00:00,400,20.42,
2026-08-30T00:50:48.603612+00:00,400,22.31,
2026-08-30T00:50:48.619041+00:00,400,20.14,
2026-08-30T00:50:48.634284+00:00,400,21.88,
2026-08-30T00:50:48.649376+00:00,400,19.91,
2026-08-30T00:50:48.664760+00:00,400,20.24,
2026-08-30T00:50:48.680582+00:00,400,19.53,
2026-08-30T00:50:48.695760+00:00,400,20.57,
2026-08-30T00:50:48.711595+00:00,400,22.61,
2026-08-30T00:50:48.726672+00:00,400,20.24,
2026-08-30T00:50:48.742471+00:00,400,19.67,
2026-08-30T00:50:48.757551+00:00,400,20.66,
2026-08-30T00:50:48.772824+00:00,400,20.33,
2026-08-30T00:50:48.788617+00:00,400,21.54,
2026-08-30T00:50:48.803664+00:00,400,19.72,
2026-08-30T00:50:48.818939+00:00,400,20.7,
2026-08-30T00:50:48.834891+00:00,400,20.85,
2026-08-30T00:50:48.850807+00:00,400,21.15,
2026-08-30T00:50:48.865630+00:00,400,20.28,
2026-08-30T00:50:48.880347+00:00,400,21.49,
2026-08-30T00:50:48.895586+00:00,400,20.0,
2026-08-30T00:50:48.910630+00:00,400,20.95,
2026-08-30T00:50:48.927073+00:00,400,21.01,
2026-08-30T00:50:48.943209+00:00,400,20.95,
2026-08-30T00:50:48.958126+00:00,400,20.13,
2026-08-30T00:50:48.973426+00:00,400,22.76,
2026-08-30T00:50:48.988516+00:00,400,19.73,
2026-08-30T00:50:49.003872+00:00,400,20.71,
2026-08-30T00:50:49.019756+00:00,400,20.35,
2026-08-30T00:50:49.035709+00:00,400,22.07,
2026-08-30T00:50:49.050586+00:00,400,20.12,
2026-08-30T00:50:49.065546+00:00,400,23.14,
2026-08-30T00:50:49.081185+00:00,400,19.95,
2026-08-30T00:50:49.096488+00:00,400,19.37,
2026-08-30T00:50:49.111505+00:00,400,19.72,
2026-08-30T00:50:49.126804+00:00,400,22.04,
2026-08-30T00:50:49.141795+00:00,400,24.79,
2026-08-30T00:50:49.157608+00:00,400,22.66,
2026-08-30T00:50:49.172891+00:00,400,21.17,
2026-08-30T00:50:49.188891+00:00,400,22.9,
2026-08-30T00:50:49.204239+00:00,400,20.36,
2026-08-30T00:50:49.219852+00:00,400,20.11,
2026-08-30T00:50:49.234966+00:00,400,20.68,
2026-08-30T00:50:49.250614+00:00,400,19.91,
2026-08-30T00:50:49.265738+00:00,400,20.88,
2026-08-30T00:50:49.281889+00:00,400,23.47,
2026-08-30T00:50:49.297085+00:00,400,20.54,
2026-08-30T00:50:49.312971+00:00,400,20.84,
2026-08-30T00:50:49.328713+00:00,400,22.55,
2026-08-30T00:50:49.343559+00:00,400,20.55,
2026-08-30T00:50:49.358795+00:00,400,24.02,
2026-08-30T00:50:49.374589+00:00,400,21.04,
2026-08-30T00:50:49.389579+00:00,400,24.2,
2026-08-30T00:50:49.405241+00:00,400,20.84,
2026-08-30T00:50:49.420401+00:00,400,22.71,
2026-08-30T00:50:49.435426+00:00,400,20.6,
2026-08-30T00:50:49.450846+00:00,400,21.13,
2026-08-30T00:50:49.466701+00:00,400,22.84,
2026-08-30T00:50:49.481571+00:00,400,20.35,
2026-08-30T00:50:49.496552+00:00,400,22.33,
2026-08-30T00:50:49.511848+00:00,400,21.78,
2026-08-30T00:50:49.528019+00:00,400,23.29,
2026-08-30T00:50:49.543374+00:00,400,20.8,
2026-08-30T00:50:49.558916+00:00,400,24.37,
2026-08-30T00:50:49.575176+00:00,400,19.73,
2026-08-30T00:50:49.589525+00:00,400,20.82,
2026-08-30T00:50:49.604969+00:00,400,22.97,
2026-08-30T00:50:49.619718+00:00,400,21.05,
2026-08-30T00:50:49.635145+00:00,400,23.66,
2026-08-30T00:50:49.650747+00:00,400,20.86,
2026-08-30T00:50:49.666538+00:00,400,22.79,
2026-08-30T00:50:49.681208+00:00,400,20.61,
2026-08-30T00:50:49.696713+00:00,400,23.84,
2026-08-30T00:50:49.712610+00:00,400,21.51,
2026-08-30T00:50:49.728491+00:00,400,24.01,
2026-08-30T00:50:49.743640+00:00,400,20.18,
2026-08-30T00:50:49.758714+00:00,400,23.25,
2026-08-30T00:50:49.774136+00:00,400,20.89,
2026-08-30T00:50:49.789905+00:00,400,21.38,
2026-08-30T00:50:49.806485+00:00,400,22.89,
